,departure_country,departure_country_name,departure_ISO3,seats,ask,fuel_burn,co2,CO2 (Mt),ASK (Bn),Seats (Mn),departure_lat,departure_lon
0,AE,United Arab Emirates,ARE,80612113.19334978,308877387347.6777,7762279918.022491,24528804540.951073,24.528804540951075,308.87738734767765,80.61211319334978,24.0,54.0
1,AF,"Afghanistan, Islamic Republic of",AFG,1279356.9326758324,2639621503.883683,64990392.149723805,205369639.19312724,0.20536963919312723,2.639621503883683,1.2793569326758323,33.0,65.0
2,AG,Antigua and Barbuda,ATG,698021.3162262215,1749314892.7452774,43949841.095946394,138881497.86319062,0.1388814978631906,1.7493148927452775,0.6980213162262215,17.05,-61.8
3,AI,Anguilla,AIA,30652.54099999989,7104030.062088388,413179.60170585295,1305647.5413904954,0.0013056475413904954,0.007104030062088388,0.03065254099999989,18.25,-63.1667
4,AL,"Albania, Republic of",ALB,2204049.4149099565,2042768270.6506526,54229942.00956777,171366616.75023416,0.17136661675023415,2.0427682706506527,2.2040494149099565,41.0,20.0
5,AM,"Armenia, Republic of",ARM,2018228.597957292,3429539638.3485036,77474444.91972397,244819245.94632778,0.24481924594632776,3.4295396383485035,2.0182285979572923,40.0,45.0
6,AO,"Angola, Republic of",AGO,1577834.0075537716,6058313067.90582,149072178.64200017,471068084.5087205,0.47106808450872056,6.058313067905821,1.5778340075537716,-12.5,18.5
7,AR,"Argentina, Argentine Republic",ARG,25636464.650329385,57817581846.19221,1501868158.7677865,4745903381.706205,4.7459033817062055,57.817581846192205,25.636464650329387,-34.0,-64.0
8,AS,American Samoa,ASM,98976.0,165595336.7059437,4358421.67465799,13772612.491919251,0.013772612491919252,0.16559533670594367,0.09897600000000001,-14.3333,-170.0
9,AT,"Austria, Republic of",AUT,23101788.754365213,36124295374.15908,883945513.3658714,2793267822.2361536,2.793267822236154,36.12429537415908,23.101788754365213,47.3333,13.3333
10,AU,"Australia, Commonwealth of",AUS,108448106.43501009,271007418556.32483,6962959438.342647,22002951825.162766,22.002951825162764,271.0074185563248,108.44810643501009,-27.0,133.0
11,AW,Aruba,ABW,2194267.350280413,5104490349.190058,121592647.23842642,384232765.2734275,0.38423276527342753,5.104490349190058,2.1942673502804126,12.5,-69.9667
12,AZ,"Azerbaijan, Republic of",AZE,4479982.41907281,6425491552.668811,157601514.06485674,498020784.4449473,0.4980207844449473,6.425491552668811,4.479982419072809,40.5,47.5
13,BA,Bosnia and Herzegovina,BIH,1198969.338503667,1521343100.1406417,35279314.82610305,111482634.85048562,0.11148263485048562,1.521343100140642,1.1989693385036668,44.0,18.0
14,BB,Barbados,BRB,1406392.7787439416,4942315822.296135,120146809.12441164,379663916.8331408,0.3796639168331408,4.942315822296136,1.4063927787439414,13.1667,-59.5333
15,BD,"Bangladesh, People's Republic of",BGD,7375732.019334581,18646547858.436523,447353295.91747844,1413636415.099232,1.413636415099232,18.646547858436524,7.37573201933458,24.0,90.0
16,BE,"Belgium, Kingdom of",BEL,22212048.164801136,46534307015.97839,1106488831.0599995,3496504706.1495986,3.496504706149598,46.53430701597839,22.212048164801136,50.8333,4.0
17,BF,Burkina Faso,BFA,587455.5281433723,1200834048.8385365,29322439.582041625,92658909.07925154,0.09265890907925155,1.2008340488385365,0.5874555281433723,13.0,-2.0
18,BG,"Bulgaria, Republic of",BGR,6914633.187053331,10354975531.73759,235506581.3038805,744200796.9202625,0.7442007969202624,10.354975531737592,6.914633187053331,43.0,25.0
19,BH,"Bahrain, Kingdom of",BHR,6975548.521741964,12440908889.473948,299151989.0236613,945320285.3147699,0.9453202853147699,12.440908889473947,6.975548521741964,26.0,50.55
20,BI,"Burundi, Republic of",BDI,146189.48830154797,176944120.78866792,4828429.778055292,15257838.098654723,0.015257838098654723,0.17694412078866792,0.146189488301548,-3.5,30.0
21,BJ,"Benin, Republic of",BEN,510308.06288925896,1077678777.6871626,26317206.26595518,83162371.80041836,0.08316237180041837,1.0776787776871626,0.510308062889259,9.5,2.25
22,BL,Saint Barthelemy,BLM,178201.9394999999,10599668.076665713,1978839.6428055125,6253133.27126542,0.006253133271265419,0.010599668076665713,0.1782019394999999,,
23,BM,Bermuda,BMU,600379.8426192715,1225937761.7425401,29900917.290943976,94486898.63938299,0.09448689863938299,1.22593776174254,0.6003798426192715,32.3333,-64.75
24,BN,Brunei Darussalam,BRN,1339371.7154210424,3606027684.0376463,83985101.37995338,265392920.36065271,0.2653929203606527,3.606027684037646,1.3393717154210425,4.5,114.6667
25,BO,"Bolivia, Republic of",BOL,2031698.065136093,3634262169.159984,95186964.64981297,300790808.293409,0.300790808293409,3.634262169159984,2.031698065136093,-17.0,-65.0
26,BQ,"Bonaire, Sint Eustatius and Saba",BES,358203.1840425489,788359984.7944366,20331866.385588553,64248697.77845983,0.06424869777845983,0.7883599847944366,0.3582031840425489,,
27,BR,"Brazil, Federative Republic of",BRA,135831764.43512282,203044627941.87158,5405015141.606505,17079847847.476557,17.079847847476557,203.04462794187157,135.8317644351228,-10.0,-55.0
28,BS,"Bahamas, Commonwealth of the",BHS,3574534.8595180637,3035660917.5332556,92290465.89158963,291637872.2174232,0.2916378722174232,3.0356609175332556,3.5745348595180637,24.25,-76.0
29,BT,"Bhutan, Kingdom of",BTN,445199.4684999997,359693482.96361256,10791381.488736581,34100765.50440759,0.0341007655044076,0.35969348296361253,0.4451994684999997,27.5,90.5
30,BW,"Botswana, Republic of",BWA,613569.6620793499,377432156.3081137,12730658.087410748,40228879.55621797,0.04022887955621796,0.3774321563081137,0.6135696620793498,-22.0,24.0
31,BY,"Belarus, Republic of",BLR,3300439.5309344353,4146276564.1007366,110146164.40686354,348061879.5256888,0.34806187952568884,4.146276564100736,3.300439530934435,53.0,28.0
32,BZ,Belize,BLZ,930125.9589,933032471.661976,25409176.49083665,80292997.71104382,0.08029299771104381,0.933032471661976,0.9301259588999999,17.25,-88.75
33,CA,Canada,CAN,89019889.7700678,239135915716.59174,5938223667.15732,18764786788.217133,18.764786788217133,239.13591571659174,89.0198897700678,60.0,-95.0
34,CC,Cocos (Keeling) Islands,CCK,8735.328,25646408.52692639,580478.0935290783,1834310.7755518877,0.0018343107755518877,0.02564640852692639,0.008735327999999999,-12.5,96.8333
35,CD,"Congo, Democratic Republic of the",COD,977504.3266244653,2204139526.5915084,53361315.23198493,168621756.13307238,0.16862175613307237,2.2041395265915087,0.9775043266244652,0.0,25.0
36,CF,Central African Republic,CAF,117598.24547467065,276519538.49548197,6555764.70879199,20716216.47978269,0.02071621647978269,0.27651953849548194,0.11759824547467064,7.0,21.0
37,CG,"Congo, Republic of the",COG,745208.0908979266,1305808190.2923522,34293263.040864244,108366711.20913103,0.10836671120913102,1.3058081902923524,0.7452080908979266,-1.0,15.0
38,CH,"Switzerland, Swiss Confederation",CHE,31033124.543099683,63898721540.311806,1654392844.440879,5227881388.433178,5.227881388433178,63.898721540311804,31.03312454309968,47.0,8.0
39,CI,"Cote d'Ivoire, Republic of",CIV,1715096.5002635357,4530175504.587093,108862170.68321167,344004459.3589489,0.34400445935894886,4.530175504587094,1.7150965002635357,8.0,-5.0
40,CK,Cook Islands,COK,246551.4613999995,725403101.9893848,16645000.994791877,52598203.143542334,0.052598203143542334,0.7254031019893846,0.2465514613999995,-21.2333,-159.7667
41,CL,"Chile, Republic of",CHL,22016433.424022175,45586418871.47451,1159345799.0299015,3663532724.934489,3.663532724934489,45.586418871474514,22.016433424022175,-30.0,-71.0
42,CM,"Cameroon, Republic of",CMR,1238715.108611673,2929315047.082021,71813239.51781899,226929836.87630802,0.22692983687630802,2.9293150470820213,1.2387151086116728,6.0,12.0
43,CN,"China, People's Republic of",CHN,818290217.1389416,1272437138366.549,32316024599.4954,102118637734.40546,102.11863773440547,1272.437138366549,818.2902171389417,35.0,105.0
44,CO,"Colombia, Republic of",COL,45250006.46256924,46658440574.000885,1328022145.361871,4196549979.3435125,4.196549979343513,46.658440574000885,45.25000646256924,4.0,-72.0
45,CR,"Costa Rica, Republic of",CRI,4249198.747332283,10519695809.584356,253752521.89248568,801857969.1802547,0.8018579691802548,10.519695809584356,4.249198747332283,10.0,-84.0
46,CU,"Cuba, Republic of",CUB,5741922.490491153,16178050229.174564,403752703.17163104,1275858542.0223541,1.275858542022354,16.178050229174566,5.741922490491153,21.5,-80.0
47,CV,"Cape Verde, Republic of",CPV,1613218.594599539,4627078438.312536,105047427.30420981,331949870.281303,0.331949870281303,4.6270784383125365,1.613218594599539,16.0,-24.0
48,CW,CuraÃ§ao,CUW,927813.8126705902,2744102068.306443,74083288.76987995,234103192.51282063,0.23410319251282063,2.7441020683064434,0.9278138126705903,,
49,CX,Christmas Island,CXR,12548.367999999944,31703320.2368421,723667.9857312628,2286790.834910791,0.0022867908349107906,0.0317033202368421,0.012548367999999945,-10.5,105.6667
50,CY,"Cyprus, Republic of",CYP,8630726.986193592,14727233461.35844,338411276.72760475,1069379634.459231,1.069379634459231,14.727233461358441,8.630726986193592,35.0,33.0
51,CZ,Czech Republic,CZE,12312576.219871238,19401317900.84915,459953672.99517345,1453453606.6647482,1.453453606664748,19.40131790084915,12.312576219871238,49.75,15.5
52,DE,"Germany, Federal Republic of",DEU,157714956.36198732,308961005334.71954,7920108143.702363,25027541734.09947,25.02754173409947,308.9610053347195,157.7149563619873,51.0,9.0
53,DJ,"Djibouti, Republic of",DJI,340089.5970242304,603451343.2654828,14799739.920527626,46767178.148867294,0.04676717814886729,0.6034513432654828,0.34008959702423036,11.5,43.0
54,DK,"Denmark, Kingdom of",DNK,23654274.41099309,36693100068.96766,917916423.8397081,2900615899.3334775,2.9006158993334776,36.69310006896766,23.654274410993093,56.0,10.0
55,DM,"Dominica, Commonwealth of",DMA,92896.91899999969,28815266.079511203,1491580.4775262657,4713394.308983,0.004713394308983,0.028815266079511202,0.0928969189999997,15.4167,-61.3333
56,DO,Dominican Republic,DOM,8595978.84521355,25736800252.714066,587868050.6537397,1857663040.0658174,1.8576630400658174,25.736800252714065,8.595978845213548,19.0,-70.6667
57,DZ,"Algeria, People's Democratic Republic of",DZA,10795895.724519104,14350124790.533636,370603116.0356493,1171105846.6726518,1.1711058466726518,14.350124790533636,10.795895724519102,28.0,3.0
58,EC,"Ecuador, Republic of",ECU,5984426.662012947,9786715575.938622,268219102.93696117,847572365.2807974,0.8475723652807974,9.786715575938622,5.984426662012947,-2.0,-77.5
59,EE,"Estonia, Republic of",EST,2114678.1009800034,2358451255.514723,60254858.5119766,190405352.89784607,0.19040535289784608,2.358451255514723,2.114678100980003,59.0,26.0
60,EG,"Egypt, Arab Republic of",EGY,27275125.17988536,51968748751.90814,1220881993.4131896,3857987099.18568,3.8579870991856797,51.96874875190814,27.27512517988536,27.0,30.0
61,EH,Western Sahara,ESH,446241.81218501274,417160242.0597878,10086761.704027351,31874166.98472643,0.03187416698472643,0.4171602420597878,0.44624181218501274,24.5,-13.0
62,ER,"Eritrea, State of",ERI,342675.67350213847,426353670.9615315,10905448.771892235,34461218.119179465,0.03446121811917947,0.4263536709615315,0.34267567350213846,15.0,39.0
63,ES,"Spain, Kingdom of",ESP,155548743.50971976,280793786983.4336,6570269551.274359,20762051782.026974,20.762051782026973,280.79378698343356,155.54874350971974,40.0,-4.0
64,ET,"Ethiopia, Federal Democratic Republic of",ETH,9607138.352112297,35207325159.94164,838421483.3875048,2649411887.504515,2.6494118875045154,35.20732515994164,9.607138352112297,8.0,38.0
65,FI,"Finland, Republic of",FIN,17440245.51705941,35938032757.28465,840666676.5369004,2656506697.8566055,2.6565066978566056,35.93803275728465,17.44024551705941,64.0,26.0
66,FJ,"Fiji, Republic of the Fiji Islands",FJI,1830822.7140999974,5403093687.657143,131678214.55256328,416103157.9861,0.41610315798610004,5.403093687657142,1.8308227140999973,-18.0,175.0
67,FK,Falkland Islands (Malvinas),FLK,32933.034499999885,267740831.78176326,7081267.12070629,22376804.101431876,0.022376804101431877,0.2677408317817632,0.03293303449999989,-51.75,-59.0
68,FM,"Micronesia, Federated States of",FSM,130953.24299999994,175064471.50744078,4471452.398481291,14129789.579200877,0.014129789579200877,0.17506447150744078,0.13095324299999997,6.9167,158.25
69,FO,Faroe Islands,FRO,285671.63062505657,370897424.45307887,8026164.524918167,25362679.898741413,0.02536267989874141,0.3708974244530789,0.28567163062505657,62.0,-7.0
70,FR,"France, French Republic",FRA,117335913.89695781,243665517372.33948,6181121447.91094,19532343775.398575,19.532343775398573,243.66551737233948,117.33591389695782,46.0,2.0
71,GA,"Gabon, Gabonese Republic",GAB,689797.3244570552,1311056233.7227378,32303528.25167708,102079149.27529958,0.10207914927529957,1.3110562337227378,0.6897973244570551,-1.0,11.75
72,GB,United Kingdom of Great Britain & Northern Ireland,GBR,170899252.83815727,428158064319.9791,10642617440.290257,33630671111.31721,33.63067111131721,428.15806431997913,170.89925283815728,54.0,-2.0
73,GD,Grenada,GRD,309363.8669079644,637693923.3290102,15920281.566207977,50308089.749217205,0.05030808974921721,0.6376939233290102,0.3093638669079644,12.1167,-61.6667
74,GE,Georgia,GEO,3447161.283011413,6021583988.926424,135520880.86961988,428245983.54799885,0.4282459835479988,6.021583988926424,3.447161283011413,42.0,43.5
75,GF,French Guiana,GUF,204034.87777284422,1373364156.751601,33438979.584906776,105667175.48830542,0.10566717548830541,1.3733641567516008,0.2040348777728442,4.0,-53.0
76,GG,"Guernsey, Bailiwick of",GGY,695150.3530360749,150193761.68932283,5878766.365483113,18576901.714926638,0.018576901714926635,0.15019376168932283,0.6951503530360749,49.5,-2.56
77,GH,"Ghana, Republic of",GHA,2224088.174847339,6219935979.489012,162636083.67594013,513930024.41597086,0.5139300244159709,6.219935979489011,2.224088174847339,8.0,-2.0
78,GI,Gibraltar,GIB,269939.43492257845,455240239.7226876,9441494.416669823,29835122.35667664,0.02983512235667664,0.45524023972268757,0.26993943492257844,36.1833,-5.3667
79,GL,Greenland,GRL,362628.53218223614,389394491.5614482,11508225.098115286,36365991.3100443,0.0363659913100443,0.38939449156144823,0.3626285321822361,72.0,-40.0
80,GM,"Gambia, Republic of the",GMB,357634.80487386935,1029703199.4550366,23053431.040576003,72848842.08822016,0.07284884208822016,1.0297031994550365,0.35763480487386934,13.4667,-16.5667
81,GN,"Guinea, Republic of",GIN,438927.1028321483,1191006340.0578094,28306991.925408944,89450094.48429227,0.08945009448429227,1.1910063400578095,0.4389271028321483,11.0,-10.0
82,GP,Guadeloupe,GLP,952864.7610373794,4853927134.187846,120890229.8185255,382013126.22654057,0.38201312622654054,4.853927134187846,0.9528647610373795,16.25,-61.5833
83,GQ,"Equatorial Guinea, Republic of",GNQ,566852.5912319898,895213013.338955,23301703.58139397,73633383.31720494,0.07363338331720494,0.895213013338955,0.5668525912319898,2.0,10.0
84,GR,"Greece, Hellenic Republic",GRC,37676280.20557036,56954383134.61824,1306497248.2381005,4128531304.4323974,4.128531304432397,56.95438313461823,37.676280205570365,39.0,22.0
85,GT,"Guatemala, Republic of",GTM,2006084.7008348773,3347288055.002406,82860652.82642296,261839662.93149653,0.2618396629314965,3.347288055002406,2.006084700834877,15.5,-90.25
86,GU,Guam,GUM,1743274.2729999998,4951735106.047552,113731064.92062186,359390165.14916503,0.35939016514916505,4.951735106047551,1.743274273,13.4667,144.7833
87,GW,"Guinea-Bissau, Republic of",GNB,123013.77354598508,233848392.3943295,5134794.136483093,16225949.471286573,0.016225949471286572,0.23384839239432947,0.12301377354598508,12.0,-15.0
88,GY,"Guyana, Co-operative Republic of",GUY,389346.15706521715,873427979.9132193,21542550.29793429,68074458.94147237,0.06807445894147236,0.8734279799132194,0.38934615706521714,5.0,-59.0
89,HK,"Hong Kong, Special Administrative Region of China",HKG,44762334.88597475,153812826713.25027,3953700447.211778,12493693413.18922,12.49369341318922,153.81282671325027,44.76233488597475,22.25,114.1667
90,HN,"Honduras, Republic of",HND,1403453.3615621757,1768255403.696231,46041069.05025637,145489778.19881016,0.14548977819881015,1.768255403696231,1.4034533615621756,15.0,-86.5
91,HR,"Croatia, Republic of",HRV,6899116.747979809,8280305303.882718,203026322.08546975,641563177.7900844,0.6415631777900844,8.280305303882718,6.899116747979809,45.1667,15.5
92,HT,"Haiti, Republic of",HTI,926092.644227206,1303503176.5615401,31974798.4524209,101040363.10965006,0.10104036310965006,1.3035031765615401,0.926092644227206,19.0,-72.4167
93,HU,"Hungary, Republic of",HUN,9377168.6039691,13649597502.969303,312009944.5082659,985951424.6461202,0.9859514246461203,13.649597502969304,9.377168603969102,47.0,20.0
94,ID,"Indonesia, Republic of",IDN,110827358.20210475,150838818285.62573,4016678347.712537,12692703578.771618,12.692703578771617,150.83881828562573,110.82735820210475,-5.0,120.0
95,IE,Ireland,IRL,21029386.52454443,38203314431.277534,912018480.3166126,2881978397.8004956,2.881978397800496,38.20331443127753,21.029386524544428,53.0,-8.0
96,IL,"Israel, State of",ISR,15147374.200272715,44977749681.69928,999101794.0521466,3157161669.204783,3.157161669204783,44.97774968169928,15.147374200272715,31.5,34.75
97,IM,Isle of Man,IMN,520557.4071982192,130891637.78501071,5705024.938744763,18027878.806433454,0.018027878806433455,0.1308916377850107,0.5205574071982192,54.23,-4.55
98,IN,"India, Republic of",IND,179058242.48832592,272823673202.6561,6902817918.969849,21812904623.94472,21.81290462394472,272.8236732026561,179.05824248832593,20.0,77.0
99,IQ,"Iraq, Republic of",IRQ,6038764.90335766,7677492373.229709,193964183.84557408,612926820.9520141,0.6129268209520141,7.6774923732297085,6.03876490335766,33.0,44.0
100,IR,"Iran, Islamic Republic of",IRN,33614825.00698742,33278477594.510082,933445338.408086,2949687269.3695517,2.9496872693695515,33.27847759451008,33.614825006987424,32.0,53.0
101,IS,"Iceland, Republic of",ISL,4491701.246859935,12164231977.698904,290315073.5818212,917395632.5185549,0.9173956325185549,12.164231977698904,4.491701246859935,65.0,-18.0
102,IT,"Italy, Italian Republic",ITA,116311136.85232109,172207381592.3992,4323558343.083165,13662444364.142801,13.662444364142802,172.2073815923992,116.31113685232108,42.8333,12.8333
103,JE,"Jersey, Bailiwick of",JEY,1146216.606210951,352874471.6949929,13804259.814964952,43621461.015289254,0.04362146101528925,0.3528744716949929,1.1462166062109511,49.21,-2.13
104,JM,Jamaica,JAM,3742592.7503064284,9107636575.042633,210396436.71466872,664852740.0183532,0.6648527400183531,9.107636575042633,3.7425927503064282,18.25,-77.5
105,JO,"Jordan, Hashemite Kingdom of",JOR,6421504.94920611,12423650384.30192,291576553.276996,921381908.3553076,0.9213819083553075,12.423650384301919,6.42150494920611,31.0,36.0
106,JP,Japan,JPN,188096108.80540824,338176613451.95844,8863537277.735987,28008777797.64572,28.00877779764572,338.1766134519584,188.09610880540825,36.0,138.0
107,KE,"Kenya, Republic of",KEN,7252857.012112688,18167222078.84257,446633835.57507914,1411362920.4172502,1.4113629204172502,18.16722207884257,7.252857012112688,1.0,38.0
108,KG,Kyrgyz Republic,KGZ,2580670.0522999987,3988079296.4080524,101256311.5360729,319969944.4539904,0.3199699444539904,3.9880792964080527,2.5806700522999986,41.0,75.0
109,KH,"Cambodia, Kingdom of",KHM,7776211.150318289,11954780994.057995,299729551.38278985,947145382.3696159,0.947145382369616,11.954780994057995,7.776211150318289,13.0,105.0
110,KI,"Kiribati, Republic of",KIR,166078.7657,109067548.8182328,3687243.1042145076,11651688.209317846,0.011651688209317846,0.1090675488182328,0.1660787657,1.4167,173.0
111,KM,"Comoros, Union of the",COM,263677.59179999965,285578172.79796326,7842412.793287582,24782024.426788762,0.02478202442678876,0.28557817279796327,0.2636775917999996,-12.1667,44.25
112,KN,"Saint Kitts and Nevis, Federation of",KNA,252749.99539999993,431134435.81366354,10607453.396614555,33519552.733301993,0.03351955273330199,0.4311344358136635,0.2527499953999999,17.3333,-62.75
113,KP,"Korea, Democratic People's Republic of",PRK,89398.45599999989,61100054.60145681,1925460.4880723215,6084455.142308536,0.0060844551423085355,0.061100054601456816,0.08939845599999989,40.0,127.0
114,KR,"Korea, Republic of",KOR,79590366.60497615,163660934897.2322,4323339056.09103,13661751417.247658,13.661751417247658,163.6609348972322,79.59036660497615,37.0,127.5
115,KW,"Kuwait, State of",KWT,11145160.33643466,21603858972.162514,536059095.5606356,1693946741.9716086,1.6939467419716085,21.603858972162513,11.145160336434662,29.3375,47.6581
116,KY,Cayman Islands,CYM,979235.1724999999,1474892491.408501,38744125.72483374,122431437.29047462,0.12243143729047462,1.4748924914085009,0.9792351724999999,19.5,-80.5
117,KZ,"Kazakhstan, Republic of",KAZ,10209807.516282273,18235454187.436497,445451695.8335506,1407627358.83402,1.40762735883402,18.235454187436495,10.209807516282273,48.0,68.0
118,LA,Lao People's Democratic Republic,LAO,1924991.1344999976,2062146846.5832021,56568064.988681644,178755085.364234,0.178755085364234,2.062146846583202,1.9249911344999975,18.0,105.0
119,LB,"Lebanon, Lebanese Republic",LBN,5683838.134792712,9945588660.809513,239404606.85978135,756518557.6769092,0.7565185576769091,9.945588660809513,5.683838134792711,33.8333,35.8333
120,LC,Saint Lucia,LCA,718879.0836625709,2248817392.874929,55214182.845612936,174476817.79213688,0.1744768177921369,2.248817392874929,0.7188790836625709,13.8833,-61.1333
121,LK,"Sri Lanka, Democratic Socialist Republic of",LKA,7425706.286562932,18830630901.855537,451150043.97599477,1425634138.9641438,1.4256341389641436,18.830630901855535,7.4257062865629315,7.0,81.0
122,LR,"Liberia, Republic of",LBR,195041.12611156193,436118299.7861346,10632954.94290903,33600137.61959254,0.03360013761959254,0.43611829978613464,0.1950411261115619,6.5,-9.5
123,LS,"Lesotho, Kingdom of",LSO,42671.384,15982060.267328164,685495.9225664175,2166167.115309879,0.0021661671153098794,0.015982060267328162,0.042671384,-29.5,28.5
124,LT,"Lithuania, Republic of",LTU,3722463.014604039,4876983671.053601,115108051.87905124,363741443.93780196,0.36374144393780194,4.876983671053601,3.722463014604039,56.0,24.0
125,LU,"Luxembourg, Grand Duchy of",LUX,3520750.327175486,5811853747.744882,151589440.64530396,479022632.4391605,0.47902263243916055,5.811853747744881,3.520750327175486,49.75,6.1667
126,LV,"Latvia, Republic of",LVA,4625582.273163516,5375963485.203278,136136501.3444921,430191344.24859506,0.43019134424859506,5.375963485203278,4.625582273163516,57.0,25.0
127,LY,Libyan Arab Jamahiriya,LBY,1497918.2315134758,1827849548.3354728,47359455.003028974,149655877.80957156,0.14965587780957157,1.8278495483354729,1.4979182315134756,25.0,17.0
128,MA,"Morocco, Kingdom of",MAR,16530238.6371983,35354379620.73184,769213195.2319746,2430713696.9330397,2.4307136969330396,35.35437962073184,16.5302386371983,32.0,-5.0
129,MC,"Monaco, Principality of",MCO,137525.0869999995,2483219.2979540536,1378229.4341529428,4355205.011923299,0.004355205011923299,0.0024832192979540534,0.13752508699999952,43.7333,7.4
130,MD,"Moldova, Republic of",MDA,1851355.1260601454,2447835340.40474,57429784.31141586,181478118.4240741,0.18147811842407413,2.4478353404047395,1.8513551260601455,47.0,29.0
131,ME,"Montenegro, Republic of",MNE,1600518.8400631389,1955764980.3376303,47813347.12071705,151090176.9014659,0.1510901769014659,1.9557649803376305,1.600518840063139,42.0,19.0
132,MF,Saint Martin,MAF,234829.1014999999,78925129.77312575,3619547.2531264066,11437769.319879446,0.011437769319879446,0.07892512977312574,0.23482910149999991,,
133,MG,"Madagascar, Republic of",MDG,1428663.098428294,2760175216.673352,76216089.88469747,240842844.03564397,0.240842844035644,2.7601752166733515,1.428663098428294,-20.0,47.0
134,MH,"Marshall Islands, Republic of the",MHL,275399.4118499999,276553486.10254484,7791742.950566291,24621907.72378948,0.024621907723789478,0.2765534861025448,0.2753994118499999,9.0,168.0
135,MK,"Macedonia, The Former Yugoslav Republic of",MKD,1503352.6828214435,1884521751.6099553,44400900.93996289,140306846.97028273,0.14030684697028273,1.8845217516099553,1.5033526828214436,41.8333,22.0
136,ML,"Mali, Republic of",MLI,769562.5258205985,1726622437.8779507,39913511.54001798,126126696.4664568,0.1261266964664568,1.7266224378779509,0.7695625258205985,17.0,-4.0
137,MM,"Myanmar, Union of",MMR,4841837.402929059,6535014865.9566555,168396291.9769358,532132282.6471172,0.5321322826471172,6.535014865956655,4.841837402929059,22.0,98.0
138,MN,Mongolia,MNG,808843.7023008844,1839896883.3092983,43629668.5401325,137869752.5868187,0.1378697525868187,1.8398968833092981,0.8088437023008844,46.0,105.0
139,MO,"Macao, Special Administrative Region of China",MAC,5627923.9902283875,8104540796.482905,200736467.60979444,634327237.6469505,0.6343272376469504,8.104540796482905,5.627923990228387,22.1667,113.55
140,MP,"Northern Mariana Islands, Commonwealth of the",MNP,611930.924,1318509391.4244316,32342959.347770285,102203751.53895411,0.10220375153895411,1.3185093914244317,0.6119309239999999,15.2,145.75
141,MQ,Martinique,MTQ,811909.7472349978,4178789825.496435,102631585.34165469,324315809.67962885,0.3243158096796288,4.178789825496435,0.8119097472349979,14.6667,-61.0
142,MR,"Mauritania, Islamic Republic of",MRT,366121.5272359717,763332717.1600301,18272711.461911224,57741768.219639465,0.057741768219639465,0.7633327171600301,0.3661215272359717,20.0,-12.0
143,MS,Montserrat,MSR,9788.24699999999,560642.865916696,104483.91519295922,330169.17200975114,0.0003301691720097511,0.0005606428659166961,0.00978824699999999,16.75,-62.2
144,MT,"Malta, Republic of",MLT,4396235.878878318,7222874653.21969,155976101.12321687,492884479.54936534,0.4928844795493654,7.222874653219691,4.396235878878318,35.8333,14.5833
145,MU,"Mauritius, Republic of",MUS,2433443.343766525,11115285518.907217,274228474.48461884,866561979.3713956,0.8665619793713957,11.115285518907216,2.4334433437665246,-20.2833,57.55
146,MV,"Maldives, Republic of",MDV,3199425.4790539714,9901792726.530127,233387658.92569283,737505002.2051893,0.7375050022051893,9.901792726530127,3.1994254790539713,3.25,73.0
147,MW,"Malawi, Republic of",MWI,346507.61399999965,534920385.898477,13259770.64712237,41900875.24490669,0.041900875244906696,0.534920385898477,0.3465076139999997,-13.5,34.0
148,MX,"Mexico, United Mexican States",MEX,95246130.93281916,162814326900.22006,4059163157.303965,12826955577.08053,12.82695557708053,162.81432690022007,95.24613093281916,23.0,-102.0
149,MY,Malaysia,MYS,60341983.44115985,111290748732.94412,2737854040.236393,8651618767.147003,8.651618767147003,111.29074873294412,60.341983441159854,2.5,112.5
150,MZ,"Mozambique, Republic of",MOZ,1364717.3763677627,2057537769.4450467,55739940.867133506,176138213.14014187,0.17613821314014189,2.0575377694450467,1.3647173763677627,-18.25,35.0
151,NA,"Namibia, Republic of",NAM,983906.4044255757,2561302669.0806594,64748150.31298594,204604154.98903558,0.20460415498903556,2.5613026690806597,0.9839064044255758,-22.0,17.0
152,NC,New Caledonia,NCL,740790.9941087575,1309000902.1984572,34590623.77584616,109306371.13167389,0.10930637113167388,1.309000902198457,0.7407909941087575,-21.5,165.5
153,NE,"Niger, Republic of",NER,465921.6042019366,1051364321.6283628,25050718.636826307,79160270.89237112,0.07916027089237113,1.0513643216283628,0.4659216042019366,16.0,8.0
154,NF,Norfolk Island,NFK,41570.801999999996,65545458.73169093,1589645.3696302848,5023279.3680317,0.0050232793680317,0.06554545873169093,0.041570802000000004,-29.0333,167.95
155,NG,"Nigeria, Federal Republic of",NGA,9066417.533429936,15832820211.636532,422679108.4381652,1335665982.664602,1.335665982664602,15.832820211636532,9.066417533429934,10.0,8.0
156,NI,"Nicaragua, Republic of",NIC,1053237.8387567832,845399528.8371686,24739357.572946582,78176369.93051119,0.07817636993051119,0.8453995288371685,1.0532378387567831,13.0,-85.0
157,NL,"Netherlands, Kingdom of the",NLD,46030837.90317767,127443879601.81061,3175779693.622427,10035463831.84687,10.03546383184687,127.44387960181061,46.03083790317767,52.5,5.75
158,NO,"Norway, Kingdom of",NOR,39127342.681620896,35937078911.53975,943427907.7879084,2981232188.609791,2.981232188609791,35.93707891153975,39.127342681620895,62.0,10.0
159,NP,"Nepal, State of",NPL,6392081.166172856,7988415149.635064,215179882.6381873,679968429.1366719,0.6799684291366719,7.988415149635064,6.392081166172857,28.0,84.0
160,NR,"Nauru, Republic of",NRU,49378.867999999886,118523206.41320075,2751767.161228157,8695584.229480978,0.008695584229480979,0.11852320641320074,0.04937886799999989,-0.5333,166.9167
161,NU,Niue,NIU,17431.6589999999,43306166.23415418,988569.1252391308,3123878.4357556533,0.0031238784357556534,0.04330616623415418,0.0174316589999999,-19.0333,-169.8667
162,NZ,New Zealand,NZL,25506018.698882475,58064156702.55347,1530038944.196416,4834923063.660674,4.834923063660674,58.06415670255346,25.506018698882478,-41.0,174.0
163,OM,"Oman, Sultanate of",OMN,11108418.048519148,23577218854.150394,559675254.718615,1768573804.9108238,1.7685738049108237,23.577218854150395,11.108418048519148,21.0,57.0
164,PA,"Panama, Republic of",PAN,10965241.836975658,27696216636.024044,664300627.1566783,2099189981.8151038,2.099189981815104,27.696216636024044,10.96524183697566,9.0,-80.0
165,PE,"Peru, Republic of",PER,23395542.23233491,38755868081.29608,1008056691.899167,3185459146.4013677,3.1854591464013677,38.755868081296086,23.39554223233491,-10.0,-76.0
166,PF,French Polynesia,PYF,1654787.5340515673,4922142686.448282,133897461.11761251,423115977.1316556,0.4231159771316556,4.922142686448282,1.6547875340515672,-15.0,-140.0
167,PG,"Papua New Guinea, Independent State of",PNG,1661645.2991999995,1897305054.9513268,52330008.0823595,165362825.54025602,0.16536282554025603,1.8973050549513268,1.6616452991999995,-6.0,147.0
168,PH,"Philippines, Republic of the",PHL,55871531.17432766,89518037937.28088,2345733160.551426,7412516787.342506,7.412516787342506,89.5180379372809,55.87153117432766,13.0,122.0
169,PK,"Pakistan, Islamic Republic of",PAK,11522391.030185597,26811838789.391987,638557578.9799469,2017841949.5766323,2.017841949576632,26.811838789391985,11.522391030185597,30.0,70.0
170,PL,"Poland, Republic of",POL,28046427.974213857,41119896935.84047,976586906.5347073,3086014624.6496754,3.086014624649675,41.11989693584047,28.046427974213856,52.0,20.0
171,PM,Saint Pierre and Miquelon,SPM,22956.23399999997,20309550.147046395,599271.2632281043,1893697.1918008097,0.0018936971918008096,0.0203095501470464,0.02295623399999997,46.8333,-56.3333
172,PR,"Puerto Rico, Commonwealth of",PRI,6189631.740973809,12538148592.720348,279689981.71324974,883820342.2138692,0.8838203422138692,12.538148592720349,6.189631740973809,18.25,-66.5
173,PT,"Portugal, Portuguese Republic",PRT,36105581.741958365,71359766960.00816,1640117931.3123198,5182772662.946931,5.182772662946931,71.35976696000816,36.10558174195836,39.5,-8.0
174,PW,"Palau, Republic of",PLW,139862.9679999998,325470791.7050928,7618333.717405977,24073934.54700289,0.02407393454700289,0.3254707917050928,0.1398629679999998,7.5,134.5
175,PY,"Paraguay, Republic of",PRY,865069.2434692138,1993505518.8734317,49081760.551658005,155098363.34323934,0.15509836334323931,1.9935055188734316,0.8650692434692138,-23.0,-58.0
176,QA,"Qatar, State of",QAT,27664000.51667721,126597438683.68903,3105016314.8359137,9811851554.881489,9.811851554881489,126.59743868368902,27.66400051667721,25.5,51.25
177,RE,Reunion,REU,1374105.4063948551,6402860255.543127,169962117.9318786,537080292.6647363,0.5370802926647363,6.402860255543127,1.3741054063948552,-21.1,55.6
178,RO,Romania,ROU,13574225.73373334,18611334204.737072,443858128.95593995,1402591687.5007703,1.4025916875007702,18.611334204737073,13.57422573373334,46.0,25.0
179,RS,"Serbia, Republic of",SRB,4448624.991026014,5461738148.873435,131681517.22917229,416113594.4441844,0.41611359444418444,5.461738148873435,4.448624991026014,44.0,21.0
180,RU,Russian Federation,RUS,127053156.84844187,274690296823.3506,6554559090.962695,20712406727.442116,20.712406727442115,274.6902968233506,127.05315684844186,60.0,100.0
181,RW,"Rwanda, Republic of",RWA,1172824.4982374972,3181797853.382833,76591264.70580527,242028396.47034466,0.24202839647034466,3.181797853382833,1.1728244982374973,-2.0,30.0
182,SA,"Saudi Arabia, Kingdom of",SAU,62204949.25189327,111183794541.70192,2807602377.506709,8872023512.9212,8.872023512921201,111.18379454170193,62.20494925189327,25.0,45.0
183,SB,Solomon Islands,SLB,292570.8611999998,258208751.10624748,7544924.561695513,23841961.61495782,0.023841961614957823,0.2582087511062475,0.2925708611999998,-8.0,159.0
184,SC,"Seychelles, Republic of",SYC,918653.9758110336,3083584270.50455,72069710.48666215,227740285.13785243,0.2277402851378524,3.08358427050455,0.9186539758110337,-4.5833,55.6667
185,SD,"Sudan, Republic of",SDN,2111569.932199997,3391584337.5078373,82982032.45523691,262223222.5585487,0.2622232225585487,3.3915843375078376,2.1115699321999966,15.0,30.0
186,SE,"Sweden, Kingdom of",SWE,30419830.609518215,39724000275.7824,972638135.501118,3073536508.1835327,3.073536508183533,39.7240002757824,30.419830609518215,62.0,15.0
187,SG,"Singapore, Republic of",SGP,42912147.44883616,155411138525.0819,3889124567.343728,12289633632.806181,12.289633632806181,155.4111385250819,42.912147448836166,1.3667,103.8
188,SH,Saint Helena,SHN,7643.412,25481998.631742205,577863.1627915963,1826047.5944214445,0.0018260475944214445,0.025481998631742202,0.0076434120000000005,-15.9333,-5.7
189,SI,"Slovenia, Republic of",SVN,1085501.3570057936,1052967281.364963,29569546.898797285,93439768.20019943,0.09343976820019942,1.052967281364963,1.0855013570057936,46.0,15.0
190,SK,Slovakia (Slovak Republic),SVK,1700996.245761106,2342174833.133918,54056115.00815818,170817323.42577985,0.17081732342577985,2.342174833133918,1.700996245761106,48.6667,19.5
191,SL,"Sierra Leone, Republic of",SLE,223812.98855035732,606213121.5575521,14660109.017348047,46325944.494819835,0.04632594449481983,0.6062131215575521,0.2238129885503573,8.5,-11.5
192,SN,"Senegal, Republic of",SEN,1723582.0019028573,5001483121.012595,119315835.9035899,377038041.4553441,0.3770380414553441,5.001483121012596,1.7235820019028574,14.0,-14.0
193,SO,"Somalia, Somali Republic",SOM,567917.0986999994,760712740.1359667,19647663.78094978,62086617.5478013,0.0620866175478013,0.7607127401359666,0.5679170986999994,10.0,49.0
194,SR,"Suriname, Republic of",SUR,328058.67428098264,1482962320.5900042,41209445.369614944,130221847.36798324,0.13022184736798323,1.4829623205900042,0.3280586742809826,4.0,-56.0
195,SS,South Sudan,SSD,274661.11289999983,339963670.6333285,8912031.300481923,28162018.909522876,0.028162018909522874,0.3399636706333285,0.27466111289999984,8.0,30.0
196,ST,"Sao Tome and Principe, Democratic Republic of",STP,92641.97427639163,217071442.38697112,5237859.655877288,16551636.51257223,0.016551636512572233,0.2170714423869711,0.09264197427639163,1.0,7.0
197,SV,"El Salvador, Republic of",SLV,3080544.0999696637,6240498030.1231,147788000.2786353,467010080.88048756,0.46701008088048757,6.240498030123101,3.080544099969664,13.8333,-88.9167
198,SX,Sint Maarten (Netherlands),SXM,1045910.1045149572,2088780253.8948855,54573058.06765899,172450863.4938024,0.1724508634938024,2.0887802538948854,1.0459101045149573,,
199,SY,Syrian Arab Republic,SYR,468524.3350343133,524867457.73144853,13729402.403589586,43384911.59534309,0.04338491159534309,0.5248674577314485,0.4685243350343133,35.0,38.0
200,SZ,"Swaziland, Kingdom of",SWZ,42946.529500000004,15014921.326272465,671550.2910595734,2122098.9197482523,0.0021220989197482517,0.015014921326272466,0.042946529500000004,-26.5,31.5
201,TC,Turks and Caicos Islands,TCA,764379.2143695932,1211805904.4086733,29814832.504901927,94214870.71549009,0.09421487071549009,1.2118059044086733,0.7643792143695932,21.75,-71.5833
202,TD,"Chad, Republic of",TCD,230702.95837421485,555731913.7628478,13105798.2230933,41414322.38497483,0.041414322384974826,0.5557319137628478,0.23070295837421487,15.0,19.0
203,TG,"Togo, Togolese Republic",TGO,663122.0968814819,1643513851.2714252,39126293.94803316,123639088.8757848,0.1236390888757848,1.6435138512714254,0.6631220968814819,8.0,1.1667
204,TH,"Thailand, Kingdom of",THA,99762464.25117287,192588802003.30383,4859019293.975761,15354500968.963408,15.354500968963407,192.58880200330384,99.76246425117287,15.0,100.0
205,TJ,"Tajikistan, Republic of",TJK,1349943.5996812116,3491722398.109141,79311616.51072007,250624708.17387542,0.25062470817387544,3.491722398109141,1.3499435996812117,39.0,71.0
206,TL,"Timor-Leste, Democratic Republic of",TLS,187575.56999999998,203259913.42607605,5412202.246600986,17102559.099259116,0.017102559099259115,0.20325991342607605,0.18757557,-8.55,125.5167
207,TM,Turkmenistan,TKM,1268181.587118817,2248796161.9824224,56066914.67717051,177171450.37985882,0.17717145037985882,2.2487961619824226,1.2681815871188171,40.0,60.0
208,TN,"Tunisia, Tunisian Republic",TUN,7169574.0231805695,12395217647.67599,291005638.3793079,919577817.2786132,0.9195778172786132,12.39521764767599,7.169574023180569,34.0,9.0
209,TO,"Tonga, Kingdom of",TON,151223.907,286797449.5660049,6824950.212945007,21566842.672906224,0.021566842672906227,0.28679744956600495,0.151223907,-20.0,-175.0
210,TR,"Turkey, Republic of",TUR,125011705.47420725,205968808384.94464,4961236763.755794,15677508173.46831,15.67750817346831,205.96880838494462,125.01170547420726,39.0,35.0
211,TT,"Trinidad and Tobago, Republic of",TTO,1478589.3695340347,3408617127.412691,81247993.3136263,256743658.87105912,0.2567436588710591,3.408617127412691,1.4785893695340349,11.0,-61.0
212,TV,Tuvalu,TUV,12531.0359999999,13665613.470990751,362686.16005307133,1146088.2657677054,0.0011460882657677053,0.01366561347099075,0.0125310359999999,-8.0,178.0
213,TW,Taiwan,TWN,37947506.895837516,86126331541.34349,2154898442.3612647,6809479077.861597,6.809479077861597,86.12633154134349,37.94750689583752,23.5,121.0
214,TZ,"Tanzania, United Republic of",TZA,3644734.189665489,6270262688.851646,159294776.78488225,503371494.64022785,0.5033714946402279,6.270262688851646,3.644734189665489,-6.0,35.0
215,UA,Ukraine,UKR,16424512.64684905,25774733796.56339,605909028.2233194,1914672529.1856892,1.9146725291856892,25.77473379656339,16.42451264684905,49.0,32.0
216,UG,"Uganda, Republic of",UGA,1323085.0915952816,2534289445.2098665,63314752.023867644,200074616.39542177,0.20007461639542176,2.5342894452098665,1.3230850915952816,1.0,32.0
217,US,United States of America,USA,1159949368.0793808,2294382198744.13,58935345218.17275,186235690889.4259,186.2356908894259,2294.38219874413,1159.9493680793807,38.0,-97.0
218,UY,"Uruguay, Eastern Republic of",URY,1355760.0078691763,3845184714.4775753,99738348.22758989,315173180.39918405,0.31517318039918407,3.8451847144775755,1.3557600078691765,-33.0,-56.0
219,UZ,"Uzbekistan, Republic of",UZB,4310960.315672317,9978065727.41547,233594592.17559132,738158911.2748686,0.7381589112748687,9.978065727415471,4.310960315672316,41.0,64.0
220,VC,Saint Vincent and the Grenadines,VCT,164636.53400176964,120031369.38558346,3983877.440490951,12589052.711951405,0.012589052711951404,0.12003136938558347,0.16463653400176964,13.25,-61.2
221,VE,"Venezuela, Bolivarian Republic of",VEN,3019914.807845213,4459641875.648454,124779103.14608446,394301965.9416269,0.3943019659416269,4.459641875648454,3.019914807845213,8.0,-66.0
222,VG,British Virgin Islands,VGB,217158.24449999986,53136380.09901034,2699614.1325950883,8530780.65900048,0.00853078065900048,0.05313638009901034,0.21715824449999985,18.5,-64.5
223,VI,United States Virgin Islands,VIR,1120830.293,1493636428.6775744,37773492.85768497,119364237.43028453,0.11936423743028453,1.4936364286775745,1.120830293,18.3333,-64.8333
224,VN,"Vietnam, Socialist Republic of",VNM,67595192.43976098,92391206548.84695,2405885607.649534,7602598520.172529,7.6025985201725295,92.39120654884695,67.595192439761,16.0,106.0
225,VU,"Vanuatu, Republic of",VUT,528727.7823999996,495577804.7259844,14303738.602304535,45199813.983282335,0.045199813983282336,0.4955778047259844,0.5287277823999995,-16.0,167.0
226,WF,Wallis and Futuna,WLF,34472.38995973643,41247688.59127375,1090577.6398033067,3446225.3417784492,0.0034462253417784495,0.04124768859127374,0.03447238995973643,-13.3,-176.2
227,WS,"Samoa, Independent State of",WSM,328057.9393999994,809623849.3999153,18831460.39396251,59507414.84492154,0.059507414844921544,0.8096238493999153,0.32805793939999944,-13.5833,-172.3333
228,XK,Kosovo,XKX,1285509.056114671,1424819951.982243,34252504.08535438,108237912.90971984,0.10823791290971985,1.4248199519822429,1.285509056114671,,
229,YE,Yemen,YEM,41424.123,22306630.073862497,787516.5590493709,2488552.3265960123,0.0024885523265960126,0.022306630073862497,0.041424123,15.0,48.0
230,YT,Mayotte,MYT,162938.3674460264,366407248.12084866,8774999.130418682,27728997.25212304,0.02772899725212304,0.3664072481208487,0.16293836744602638,-12.8333,45.1667
231,ZA,"South Africa, Republic of",ZAF,27706253.184547994,69776141826.46216,1846257261.5280628,5834172946.4286785,5.834172946428679,69.77614182646215,27.706253184547997,-29.0,24.0
232,ZM,"Zambia, Republic of",ZMB,993834.9934999978,1492199191.4163833,38279025.8934214,120961721.82321163,0.12096172182321162,1.4921991914163832,0.9938349934999978,-15.0,30.0
233,ZW,"Zimbabwe, Republic of",ZWE,1158145.8544999973,1561850959.0468283,40712935.477606624,128652876.10923694,0.12865287610923695,1.5618509590468281,1.1581458544999974,-20.0,30.0
