,departure_country,departure_country_name,departure_ISO3,seats,ask,fuel_burn,co2,CO2 (Mt),ASK (Bn),Seats (Mn),domestic,departure_lat,departure_lon
0,AE,United Arab Emirates,ARE,80612113.19334978,308877387347.6777,7762028585.765462,24528010331.01886,24.52801033101886,308.87738734767765,80.61211319334978,0.19053472649047326,24.0,54.0
1,AF,"Afghanistan, Islamic Republic of",AFG,1279356.9326758324,2639621503.883683,64986987.062201515,205358879.1165568,0.2053588791165568,2.639621503883683,1.2793569326758323,0.07317073170731707,33.0,65.0
2,AG,Antigua and Barbuda,ATG,698021.3162262215,1749314892.7452776,43949770.29065512,138881274.1184702,0.13888127411847018,1.7493148927452775,0.6980213162262215,0.02631578947368421,17.05,-61.8
3,AI,Anguilla,AIA,30652.54099999989,7104030.062088386,413213.8199106621,1305755.6709176921,0.001305755670917692,0.007104030062088386,0.03065254099999989,0.0,18.25,-63.1667
4,AL,"Albania, Republic of",ALB,2204049.4149099565,2042768270.6506524,54229812.28262489,171366206.81309465,0.17136620681309467,2.0427682706506527,2.2040494149099565,0.014814814814814815,41.0,20.0
5,AM,"Armenia, Republic of",ARM,2018228.597957292,3429539638.3485036,77474305.66987558,244818805.91680685,0.24481880591680685,3.4295396383485035,2.0182285979572923,0.0,40.0,45.0
6,AO,"Angola, Republic of",AGO,1577834.0075537716,6058313067.90582,149068119.798212,471055258.56234986,0.4710552585623499,6.05831306790582,1.5778340075537716,0.5274725274725275,-12.5,18.5
7,AR,"Argentina, Argentine Republic",ARG,25636464.650329385,57817581846.192215,1501812790.7801878,4745728418.865394,4.745728418865394,57.81758184619221,25.636464650329387,0.4647887323943662,-34.0,-64.0
8,AS,American Samoa,ASM,98976.0,165595336.7059437,4358447.582468268,13772694.36059973,0.013772694360599731,0.16559533670594367,0.09897600000000001,0.2222222222222222,-14.3333,-170.0
9,AT,"Austria, Republic of",AUT,23101788.754365213,36124295374.15908,883945230.6858882,2793266928.9674067,2.7932669289674066,36.12429537415908,23.101788754365213,0.03976721629485936,47.3333,13.3333
10,AU,"Australia, Commonwealth of",AUS,108448110.43501009,271007475300.4823,6962727152.448689,22002217801.737858,22.00221780173786,271.00747530048227,108.44811043501008,0.6618332470222682,-27.0,133.0
11,AW,Aruba,ABW,2194267.350280413,5104490349.190059,121590713.97186516,384226656.15109396,0.38422665615109397,5.104490349190058,2.1942673502804126,0.0,12.5,-69.9667
12,AZ,"Azerbaijan, Republic of",AZE,4479982.41907281,6425491552.668812,157602243.85590842,498023090.58467066,0.49802309058467065,6.425491552668812,4.479982419072809,0.08743169398907104,40.5,47.5
13,BA,Bosnia and Herzegovina,BIH,1198969.338503667,1521343100.140642,35279031.400913,111481739.22688508,0.11148173922688509,1.521343100140642,1.1989693385036668,0.1032258064516129,44.0,18.0
14,BB,Barbados,BRB,1406392.7787439416,4942315822.296136,120146117.06003562,379661729.90971255,0.3796617299097126,4.942315822296136,1.4063927787439414,0.0,13.1667,-59.5333
15,BD,"Bangladesh, People's Republic of",BGD,7375732.019334581,18646547858.436523,447323858.0697358,1413543391.5003653,1.4135433915003655,18.646547858436524,7.37573201933458,0.3614457831325301,24.0,90.0
16,BE,"Belgium, Kingdom of",BEL,22212048.164801136,46534307015.97839,1106486989.913037,3496498888.1251974,3.4964988881251973,46.53430701597839,22.212048164801136,0.02465331278890601,50.8333,4.0
17,BF,Burkina Faso,BFA,587455.5281433723,1200834048.8385365,29321737.438189123,92656690.30467762,0.09265669030467763,1.2008340488385365,0.5874555281433723,0.06060606060606061,13.0,-2.0
18,BG,"Bulgaria, Republic of",BGR,6914633.187053331,10354975531.73759,235506487.66092572,744200501.0085253,0.7442005010085253,10.354975531737592,6.914633187053331,0.060862214708368556,43.0,25.0
19,BH,"Bahrain, Kingdom of",BHR,6975548.521741964,12440908889.473946,299144207.3672062,945295695.2803718,0.9452956952803718,12.440908889473945,6.975548521741964,0.17094017094017094,26.0,50.55
20,BI,"Burundi, Republic of",BDI,146189.48830154797,176944120.78866792,4828310.673083114,15257461.726942642,0.015257461726942641,0.17694412078866792,0.146189488301548,0.0,-3.5,30.0
21,BJ,"Benin, Republic of",BEN,510308.06288925896,1077678777.6871624,26316273.1623964,83159423.19317263,0.08315942319317263,1.0776787776871626,0.510308062889259,0.05714285714285714,9.5,2.25
22,BL,Saint Barthelemy,BLM,178201.9394999999,10599668.07666571,1979228.793626018,6254362.987858218,0.006254362987858217,0.010599668076665712,0.1782019394999999,0.0,,
23,BM,Bermuda,BMU,600379.8426192715,1225937761.74254,29900688.970311534,94486177.14618446,0.09448617714618446,1.22593776174254,0.6003798426192715,0.0,32.3333,-64.75
24,BN,Brunei Darussalam,BRN,1339371.7154210424,3606027684.0376463,83981271.0587368,265380816.5456083,0.2653808165456083,3.606027684037646,1.3393717154210425,0.0,4.5,114.6667
25,BO,"Bolivia, Republic of",BOL,2031698.065136093,3634262169.1599836,95183675.37890305,300780414.19733363,0.30078041419733365,3.634262169159984,2.031698065136093,0.5106382978723404,-17.0,-65.0
26,BQ,"Bonaire, Sint Eustatius and Saba",BES,358203.1840425489,788359984.7944367,20332244.446787123,64249892.45184731,0.06424989245184731,0.7883599847944367,0.3582031840425489,0.13793103448275862,,
27,BR,"Brazil, Federative Republic of",BRA,135831764.43512282,203044627941.87158,5404811889.561767,17079205571.015182,17.079205571015184,203.04462794187157,135.8317644351228,0.8067522419553367,-10.0,-55.0
28,BS,"Bahamas, Commonwealth of the",BHS,3578495.3595180637,3037514177.3060036,92381472.80898917,291925454.07640576,0.2919254540764058,3.0375141773060035,3.5784953595180635,0.050590219224283306,24.25,-76.0
29,BT,"Bhutan, Kingdom of",BTN,445199.4684999997,359693482.9636126,10791113.148522077,34099917.549329765,0.03409991754932976,0.35969348296361264,0.4451994684999997,0.47619047619047616,27.5,90.5
30,BW,"Botswana, Republic of",BWA,613569.6620793499,377432156.3081138,12730725.468881415,40229092.481665276,0.04022909248166527,0.3774321563081138,0.6135696620793498,0.4,-22.0,24.0
31,BY,"Belarus, Republic of",BLR,3300439.5309344353,4146276564.1007366,110144677.09869839,348057179.63188696,0.348057179631887,4.146276564100737,3.300439530934435,0.015789473684210527,53.0,28.0
32,BZ,Belize,BLZ,930125.9589,933032471.661976,25409812.370844156,80295007.09186754,0.08029500709186753,0.933032471661976,0.9301259588999999,0.46601941747572817,17.25,-88.75
33,CA,Canada,CAN,89020073.2700678,239136056780.47812,5938084593.495075,18764347315.44444,18.76434731544444,239.1360567804781,89.0200732700678,0.445252412250035,60.0,-95.0
34,CC,Cocos (Keeling) Islands,CCK,8735.328,25646408.526926387,580423.0374349962,1834136.798294588,0.001834136798294588,0.025646408526926387,0.008735327999999999,0.0,-12.5,96.8333
35,CD,"Congo, Democratic Republic of the",COD,977504.3266244653,2204139526.5915084,53359030.943660244,168614537.78196636,0.16861453778196636,2.2041395265915087,0.9775043266244652,0.7133757961783439,0.0,25.0
36,CF,Central African Republic,CAF,117598.24547467065,276519538.49548197,6555503.403357435,20715390.754609495,0.020715390754609497,0.27651953849548194,0.11759824547467064,0.0,7.0,21.0
37,CG,"Congo, Republic of the",COG,745208.0908979266,1305808190.2923522,34292791.14641512,108365220.0226718,0.10836522002267181,1.3058081902923524,0.7452080908979266,0.13636363636363635,-1.0,15.0
38,CH,"Switzerland, Swiss Confederation",CHE,31033131.543099683,63898774560.10983,1654398943.6237862,5227900661.851165,5.227900661851165,63.898774560109835,31.03313154309968,0.032015065913371,47.0,8.0
39,CI,"Cote d'Ivoire, Republic of",CIV,1715096.5002635357,4530175504.587093,108858811.71204822,343993845.0100724,0.34399384501007235,4.530175504587094,1.7150965002635357,0.0,8.0,-5.0
40,CK,Cook Islands,COK,246551.4613999995,725403101.9893848,16643778.832197733,52594341.10974485,0.05259434110974485,0.7254031019893846,0.2465514613999995,0.6153846153846154,-21.2333,-159.7667
41,CL,"Chile, Republic of",CHL,22016433.424022175,45586418871.47451,1159296251.7421687,3663376155.5052533,3.6633761555052535,45.586418871474514,22.016433424022175,0.2540983606557377,-30.0,-71.0
42,CM,"Cameroon, Republic of",CMR,1238715.108611673,2929315047.0820217,71811752.5219989,226925137.96951655,0.22692513796951655,2.9293150470820217,1.2387151086116728,0.15625,6.0,12.0
43,CN,"China, People's Republic of",CHN,818290217.1389416,1272437138366.549,32314010931.95285,102112274544.97101,102.11227454497102,1272.437138366549,818.2902171389417,0.8127381068672462,35.0,105.0
44,CO,"Colombia, Republic of",COL,45250006.46256924,46658440574.000885,1328014808.7927268,4196526795.785017,4.196526795785017,46.658440574000885,45.25000646256924,0.45137614678899085,4.0,-72.0
45,CR,"Costa Rica, Republic of",CRI,4249198.747332283,10519695809.584356,253748289.64908215,801844595.2910997,0.8018445952910996,10.519695809584356,4.249198747332283,0.1459227467811159,10.0,-84.0
46,CU,"Cuba, Republic of",CUB,5741922.490491153,16178050229.174564,403740153.72529566,1275818885.7719343,1.2758188857719344,16.178050229174563,5.741922490491153,0.034383954154727794,21.5,-80.0
47,CV,"Cape Verde, Republic of",CPV,1613218.594599539,4627078438.312536,105046256.33011907,331946170.0031763,0.3319461700031763,4.6270784383125365,1.613218594599539,0.09411764705882353,16.0,-24.0
48,CW,CuraÃ§ao,CUW,927813.8126705902,2744102068.306443,74083262.61674753,234103109.86892223,0.23410310986892222,2.7441020683064434,0.9278138126705903,0.0,,
49,CX,Christmas Island,CXR,12548.367999999944,31703320.23684211,723597.6397094242,2286568.5414817804,0.00228656854148178,0.03170332023684211,0.012548367999999945,0.0,-10.5,105.6667
50,CY,"Cyprus, Republic of",CYP,8630726.986193592,14727233461.35844,338411044.21337575,1069378899.7142674,1.0693788997142675,14.727233461358441,8.630726986193592,0.011396011396011397,35.0,33.0
51,CZ,Czech Republic,CZE,12312576.219871238,19401317900.84915,459952607.38567585,1453450239.3387356,1.4534502393387356,19.40131790084915,12.312576219871238,0.03829787234042553,49.75,15.5
52,DE,"Germany, Federal Republic of",DEU,157714956.36198732,308961005334.71954,7920103085.127555,25027525749.003075,25.027525749003075,308.9610053347195,157.7149563619873,0.1477660225583632,51.0,9.0
53,DJ,"Djibouti, Republic of",DJI,340089.5970242304,603451343.2654828,14799362.79497374,46765986.43211702,0.04676598643211702,0.6034513432654828,0.34008959702423036,0.0,11.5,43.0
54,DK,"Denmark, Kingdom of",DNK,23654274.41099309,36693100068.96766,917916100.3634653,2900614877.1485505,2.9006148771485503,36.69310006896766,23.654274410993093,0.1315669255367748,56.0,10.0
55,DM,"Dominica, Commonwealth of",DMA,92896.91899999969,28815266.079511214,1491685.603256388,4713726.506290186,0.0047137265062901865,0.028815266079511213,0.0928969189999997,0.0,15.4167,-61.3333
56,DO,Dominican Republic,DOM,8595978.84521355,25736800252.714066,587856779.153361,1857627422.1246207,1.8576274221246207,25.736800252714065,8.595978845213548,0.01436265709156194,19.0,-70.6667
57,DZ,"Algeria, People's Democratic Republic of",DZA,10795895.724519104,14350124790.533636,370601806.8474169,1171101709.6378374,1.1711017096378373,14.350124790533636,10.795895724519102,0.26521060842433697,28.0,3.0
58,EC,"Ecuador, Republic of",ECU,5984426.662012947,9786715575.938623,268215824.1304587,847562004.2522496,0.8475620042522496,9.786715575938622,5.984426662012947,0.17391304347826086,-2.0,-77.5
59,EE,"Estonia, Republic of",EST,2114678.1009800034,2358451255.514723,60254905.35814617,190405500.9317419,0.1904055009317419,2.358451255514723,2.114678100980003,0.025078369905956112,59.0,26.0
60,EG,"Egypt, Arab Republic of",EGY,27275125.17988536,51968748751.90814,1220851731.6391063,3857891471.9795756,3.857891471979576,51.96874875190814,27.27512517988536,0.025454545454545455,27.0,30.0
61,EH,Western Sahara,ESH,446241.81218501274,417160242.05978775,10086765.16269831,31874177.914126664,0.03187417791412667,0.4171602420597878,0.44624181218501274,0.12121212121212122,24.5,-13.0
62,ER,"Eritrea, State of",ERI,342675.67350213847,426353670.9615315,10904919.09820924,34459544.35034119,0.034459544350341195,0.4263536709615315,0.34267567350213846,0.16666666666666666,15.0,39.0
63,ES,"Spain, Kingdom of",ESP,155548743.50971976,280793786983.4336,6570251516.214803,20761994791.238777,20.761994791238777,280.79378698343356,155.54874350971974,0.26201495194019225,40.0,-4.0
64,ET,"Ethiopia, Federal Democratic Republic of",ETH,9607138.352112297,35207325159.94164,838387131.9817942,2649303337.0624695,2.6493033370624697,35.20732515994164,9.607138352112297,0.28451882845188287,8.0,38.0
65,FI,"Finland, Republic of",FIN,17440245.51705941,35938032757.28465,840665948.4263701,2656504397.02733,2.65650439702733,35.93803275728465,17.44024551705941,0.16022889842632332,64.0,26.0
66,FJ,"Fiji, Republic of the Fiji Islands",FJI,1830822.7140999974,5403093687.657143,131671929.9708025,416083298.70773596,0.41608329870773597,5.403093687657142,1.8308227140999973,0.5,-18.0,175.0
67,FK,Falkland Islands (Malvinas),FLK,32933.034499999885,267740831.78176326,7081070.03560132,22376181.31250017,0.02237618131250017,0.2677408317817632,0.03293303449999989,0.0,-51.75,-59.0
68,FM,"Micronesia, Federated States of",FSM,130953.24299999994,175064471.50744075,4471263.186525095,14129191.669419302,0.014129191669419302,0.17506447150744076,0.13095324299999997,0.37037037037037035,6.9167,158.25
69,FO,Faroe Islands,FRO,285671.63062505657,370897424.45307887,8026164.524918167,25362679.898741413,0.02536267989874141,0.3708974244530789,0.28567163062505657,0.04878048780487805,62.0,-7.0
70,FR,"France, French Republic",FRA,117335913.89695781,243665517372.33948,6181111471.453118,19532312249.791855,19.532312249791854,243.66551737233948,117.33591389695782,0.3178041265988236,46.0,2.0
71,GA,"Gabon, Gabonese Republic",GAB,689797.3244570552,1311056233.7227378,32303087.474099606,102077756.41815476,0.10207775641815477,1.3110562337227378,0.6897973244570551,0.3404255319148936,-1.0,11.75
72,GB,United Kingdom of Great Britain & Northern Ireland,GBR,170899266.83815727,428158158817.73444,10642610276.314995,33630648473.155384,33.63064847315538,428.15815881773443,170.89926683815727,0.1805048420384188,54.0,-2.0
73,GD,Grenada,GRD,309363.8669079644,637693923.3290102,15920208.770492217,50307859.7147554,0.0503078597147554,0.6376939233290102,0.3093638669079644,0.0625,12.1167,-61.6667
74,GE,Georgia,GEO,3447161.283011413,6021583988.926424,135520560.9898361,428244972.7278821,0.4282449727278821,6.021583988926424,3.447161283011413,0.04966139954853273,42.0,43.5
75,GF,French Guiana,GUF,204034.87777284422,1373364156.751601,33438948.69605539,105667077.87953505,0.10566707787953504,1.3733641567516008,0.2040348777728442,0.0,4.0,-53.0
76,GG,"Guernsey, Bailiwick of",GGY,695150.3530360749,150193761.68932277,5878780.210078491,18576945.463848032,0.01857694546384803,0.15019376168932277,0.6951503530360749,0.10666666666666667,49.5,-2.56
77,GH,"Ghana, Republic of",GHA,2224088.174847339,6219935979.489012,162634124.02937928,513923831.93283856,0.5139238319328385,6.219935979489011,2.224088174847339,0.10526315789473684,8.0,-2.0
78,GI,Gibraltar,GIB,269939.43492257845,455240239.7226876,9441497.329487078,29835131.561179165,0.029835131561179166,0.4552402397226876,0.26993943492257844,0.0,36.1833,-5.3667
79,GL,Greenland,GRL,362628.53218223614,389394491.5614482,11508427.286687907,36366630.22593378,0.03636663022593378,0.3893944915614482,0.3626285321822361,0.7640449438202247,72.0,-40.0
80,GM,"Gambia, Republic of the",GMB,357634.80487386935,1029703199.4550366,23053226.179494392,72848194.72720228,0.07284819472720228,1.0297031994550367,0.35763480487386934,0.0,13.4667,-16.5667
81,GN,"Guinea, Republic of",GIN,438927.1028321483,1191006340.0578094,28305964.055570573,89446846.41560301,0.089446846415603,1.1910063400578095,0.4389271028321483,0.0,11.0,-10.0
82,GP,Guadeloupe,GLP,952864.7610373794,4853927134.187846,120889858.11087514,382011951.6303655,0.3820119516303655,4.853927134187846,0.9528647610373795,0.0,16.25,-61.5833
83,GQ,"Equatorial Guinea, Republic of",GNQ,566852.5912319898,895213013.338955,23301215.853305098,73631842.09644412,0.07363184209644412,0.895213013338955,0.5668525912319898,0.2,2.0,10.0
84,GR,"Greece, Hellenic Republic",GRC,37676280.20557036,56954383134.61823,1306496403.37813,4128528634.674891,4.128528634674891,56.95438313461823,37.676280205570365,0.21181801019444968,39.0,22.0
85,GT,"Guatemala, Republic of",GTM,2006084.7008348773,3347288055.0024066,82859593.77801651,261836316.33853218,0.26183631633853216,3.3472880550024064,2.006084700834877,0.0625,15.5,-90.25
86,GU,Guam,GUM,1743573.7729999998,4954851936.564798,113805653.29106924,359625864.3997788,0.3596258643997788,4.954851936564799,1.7435737729999998,0.0,13.4667,144.7833
87,GW,"Guinea-Bissau, Republic of",GNB,123013.77354598508,233848392.3943295,5134751.99879352,16225816.316187523,0.016225816316187525,0.2338483923943295,0.12301377354598508,0.0,12.0,-15.0
88,GY,"Guyana, Co-operative Republic of",GUY,389346.15706521715,873427979.9132196,21542028.75814497,68072810.87573811,0.0680728108757381,0.8734279799132195,0.38934615706521714,0.0,5.0,-59.0
89,HK,"Hong Kong, Special Administrative Region of China",HKG,44762334.88597475,153812826713.25027,3953561467.8762703,12493254238.489016,12.493254238489016,153.81282671325027,44.76233488597475,0.007259528130671506,22.25,114.1667
90,HN,"Honduras, Republic of",HND,1403453.3615621757,1768255403.6962314,46041203.74738053,145490203.8417225,0.14549020384172248,1.7682554036962315,1.4034533615621756,0.19858156028368795,15.0,-86.5
91,HR,"Croatia, Republic of",HRV,6899116.747979809,8280305303.882718,203026082.94482946,641562422.1056612,0.6415624221056612,8.280305303882718,6.899116747979809,0.07858861267040898,45.1667,15.5
92,HT,"Haiti, Republic of",HTI,926092.644227206,1303503176.5615404,31974525.09279708,101039499.29323876,0.10103949929323876,1.3035031765615404,0.926092644227206,0.056338028169014086,19.0,-72.4167
93,HU,"Hungary, Republic of",HUN,9377168.6039691,13649597502.969301,312009765.6070831,985950859.3183826,0.9859508593183827,13.649597502969302,9.377168603969102,0.01095290251916758,47.0,20.0
94,ID,"Indonesia, Republic of",IDN,110827358.20210475,150838818285.62573,4016494895.5394464,12692123869.90465,12.69212386990465,150.83881828562576,110.82735820210475,0.7109905020352781,-5.0,120.0
95,IE,Ireland,IRL,21029386.52454443,38203314431.277534,912018531.4847172,2881978559.4917064,2.8819785594917064,38.20331443127753,21.029386524544428,0.04657534246575343,53.0,-8.0
96,IL,"Israel, State of",ISR,15147374.200272715,44977749681.69928,999100731.1837963,3157158310.5407963,3.1571583105407965,44.97774968169928,15.147374200272715,0.03177570093457944,31.5,34.75
97,IM,Isle of Man,IMN,520557.4071982192,130891637.78501077,5705088.0995344315,18028078.394528806,0.018028078394528805,0.13089163778501076,0.5205574071982192,0.0,54.23,-4.55
98,IN,"India, Republic of",IND,179058242.48832592,272823673202.6561,6902490137.529954,21811868834.594658,21.811868834594655,272.8236732026561,179.05824248832593,0.7047675451584247,20.0,77.0
99,IQ,"Iraq, Republic of",IRQ,6038764.90335766,7677492373.229709,193957146.73568338,612904583.6847595,0.6129045836847595,7.6774923732297085,6.03876490335766,0.05830903790087463,33.0,44.0
100,IR,"Iran, Islamic Republic of",IRN,33614825.00698742,33278477594.510082,933410797.6874146,2949578120.69223,2.9495781206922302,33.278477594510086,33.614825006987424,0.6224489795918368,32.0,53.0
101,IS,"Iceland, Republic of",ISL,4491701.246859935,12164231977.698904,290314713.6896305,917394495.2592324,0.9173944952592324,12.164231977698904,4.491701246859935,0.04081632653061224,65.0,-18.0
102,IT,"Italy, Italian Republic",ITA,116311136.85232109,172207381592.3992,4323547628.246975,13662410505.260443,13.662410505260443,172.2073815923992,116.31113685232108,0.26841937877663524,42.8333,12.8333
103,JE,"Jersey, Bailiwick of",JEY,1146216.606210951,352874471.69499266,13804233.981243389,43621379.38072911,0.04362137938072911,0.3528744716949927,1.1462166062109511,0.03007518796992481,49.21,-2.13
104,JM,Jamaica,JAM,3742592.7503064284,9107636575.042633,210393031.61309323,664841979.8973746,0.6648419798973746,9.107636575042633,3.7425927503064282,0.0071174377224199285,18.25,-77.5
105,JO,"Jordan, Hashemite Kingdom of",JOR,6421504.94920611,12423650384.30192,291566109.87096965,921348907.1922642,0.9213489071922641,12.42365038430192,6.42150494920611,0.011799410029498525,31.0,36.0
106,JP,Japan,JPN,188096108.80540824,338176613451.95844,8863198665.620539,28007707783.360905,28.007707783360907,338.1766134519584,188.09610880540825,0.4499196572040707,36.0,138.0
107,KE,"Kenya, Republic of",KEN,7252857.012112688,18167222078.84257,446619376.3188091,1411317229.1674368,1.4113172291674367,18.16722207884257,7.252857012112688,0.39285714285714285,1.0,38.0
108,KG,Kyrgyz Republic,KGZ,2580670.0522999987,3988079296.408054,101250222.13846129,319950701.9575377,0.3199507019575377,3.988079296408054,2.5806700522999986,0.12,41.0,75.0
109,KH,"Cambodia, Kingdom of",KHM,7776211.150318289,11954780994.057995,299708574.7113355,947079096.0878203,0.9470790960878203,11.954780994057995,7.776211150318289,0.034482758620689655,13.0,105.0
110,KI,"Kiribati, Republic of",KIR,166078.7657,109067548.8182328,3687295.0200119824,11651852.263237866,0.011651852263237866,0.1090675488182328,0.1660787657,0.7692307692307693,1.4167,173.0
111,KM,"Comoros, Union of the",COM,263677.59179999965,285578172.7979633,7842059.461671775,24780907.898882814,0.024780907898882813,0.28557817279796327,0.2636775917999996,0.3,-12.1667,44.25
112,KN,"Saint Kitts and Nevis, Federation of",KNA,252749.99539999993,431134435.81366366,10607447.348919664,33519533.622586142,0.03351953362258614,0.4311344358136636,0.2527499953999999,0.03571428571428571,17.3333,-62.75
113,KP,"Korea, Democratic People's Republic of",PRK,89398.45599999989,61100054.601456866,1925421.7231260433,6084332.645078298,0.006084332645078298,0.061100054601456864,0.08939845599999989,0.0,40.0,127.0
114,KR,"Korea, Republic of",KOR,79590366.60497615,163660934897.2322,4323189934.47313,13661280192.935093,13.661280192935093,163.6609348972322,79.59036660497615,0.25068870523415976,37.0,127.5
115,KW,"Kuwait, State of",KWT,11145160.33643466,21603858972.162514,536036330.577511,1693874804.6249347,1.6938748046249348,21.603858972162513,11.145160336434662,0.0,29.3375,47.6581
116,KY,Cayman Islands,CYM,979235.1724999999,1474892491.408501,38743852.44647423,122430573.73085858,0.12243057373085858,1.4748924914085009,0.9792351724999999,0.016260162601626018,19.5,-80.5
117,KZ,"Kazakhstan, Republic of",KAZ,10209807.516282273,18235454187.436497,445429527.68881804,1407557307.496665,1.4075573074966652,18.235454187436495,10.209807516282273,0.3410526315789474,48.0,68.0
118,LA,Lao People's Democratic Republic,LAO,1924991.1344999976,2062146846.5832026,56565423.72518472,178746738.9715837,0.1787467389715837,2.0621468465832025,1.9249911344999975,0.24561403508771928,18.0,105.0
119,LB,"Lebanon, Lebanese Republic",LBN,5683838.134792712,9945588660.809513,239400666.8285553,756506107.1782347,0.7565061071782347,9.945588660809513,5.683838134792711,0.005797101449275362,33.8333,35.8333
120,LC,Saint Lucia,LCA,718879.0836625709,2248817392.874929,55214137.50860377,174476674.5271879,0.1744766745271879,2.248817392874929,0.7188790836625709,0.0,13.8833,-61.1333
121,LK,"Sri Lanka, Democratic Socialist Republic of",LKA,7425706.286562932,18830630901.855537,451121205.05844235,1425543007.9846778,1.4255430079846778,18.830630901855535,7.4257062865629315,0.32989690721649484,7.0,81.0
122,LR,"Liberia, Republic of",LBR,195041.12611156193,436118299.78613466,10632687.580835158,33599292.7554391,0.0335992927554391,0.43611829978613464,0.1950411261115619,0.0,6.5,-9.5
123,LS,"Lesotho, Kingdom of",LSO,42671.384,15982060.26732818,685530.8418170641,2166277.460141923,0.0021662774601419227,0.01598206026732818,0.042671384,0.0,-29.5,28.5
124,LT,"Lithuania, Republic of",LTU,3722463.014604039,4876983671.053601,115108015.6510419,363741329.45729244,0.36374132945729243,4.876983671053601,3.722463014604039,0.021413276231263382,56.0,24.0
125,LU,"Luxembourg, Grand Duchy of",LUX,3520750.327175486,5811853747.744882,151589445.64206654,479022648.22893023,0.47902264822893026,5.811853747744881,3.520750327175486,0.014634146341463415,49.75,6.1667
126,LV,"Latvia, Republic of",LVA,4625582.273163516,5375963485.203278,136136493.75459945,430191320.26453424,0.43019132026453427,5.375963485203277,4.625582273163516,0.014760147601476014,57.0,25.0
127,LY,Libyan Arab Jamahiriya,LBY,1497918.2315134758,1827849548.3354728,47357194.066738114,149648733.25089246,0.14964873325089245,1.8278495483354729,1.4979182315134756,0.20618556701030927,25.0,17.0
128,MA,"Morocco, Kingdom of",MAR,16530238.6371983,35354379620.73184,769212765.6713964,2430712339.5216126,2.430712339521613,35.35437962073184,16.5302386371983,0.16774955699940933,32.0,-5.0
129,MC,"Monaco, Principality of",MCO,137525.0869999995,2483219.2979541025,1378567.8966630294,4356274.553455173,0.0043562745534551734,0.0024832192979541024,0.13752508699999952,0.0,43.7333,7.4
130,MD,"Moldova, Republic of",MDA,1851355.1260601454,2447835340.40474,57429738.29929055,181477973.02575815,0.18147797302575813,2.44783534040474,1.8513551260601455,0.02586206896551724,47.0,29.0
131,ME,"Montenegro, Republic of",MNE,1600518.8400631389,1955764980.3376305,47813253.56869975,151089881.2770912,0.1510898812770912,1.9557649803376305,1.600518840063139,0.03278688524590164,42.0,19.0
132,MF,Saint Martin,MAF,234829.1014999999,78925129.77312571,3619781.119510251,11438508.337652393,0.011438508337652392,0.07892512977312571,0.23482910149999991,0.0,,
133,MG,"Madagascar, Republic of",MDG,1428663.098428294,2760175216.673352,76214864.53851244,240838971.94169933,0.24083897194169934,2.7601752166733515,1.428663098428294,0.6299212598425197,-20.0,47.0
134,MH,"Marshall Islands, Republic of the",MHL,275399.4118499999,276553486.10254484,7791805.734301041,24622106.12039129,0.024622106120391292,0.2765534861025448,0.2753994118499999,0.8115942028985508,9.0,168.0
135,MK,"Macedonia, The Former Yugoslav Republic of",MKD,1503352.6828214435,1884521751.609955,44400888.34207016,140306807.16094172,0.1403068071609417,1.884521751609955,1.5033526828214436,0.025423728813559324,41.8333,22.0
136,ML,"Mali, Republic of",MLI,769562.5258205985,1726622437.8779507,39912417.03487389,126123237.8302015,0.1261232378302015,1.7266224378779507,0.7695625258205985,0.14285714285714285,17.0,-4.0
137,MM,"Myanmar, Union of",MMR,4841837.402929059,6535014865.9566555,168385648.00332478,532098647.69050634,0.5320986476905063,6.535014865956655,4.841837402929059,0.5333333333333333,22.0,98.0
138,MN,Mongolia,MNG,808843.7023008844,1839896883.3092983,43626196.13447545,137858779.78494242,0.13785877978494243,1.8398968833092981,0.8088437023008844,0.35294117647058826,46.0,105.0
139,MO,"Macao, Special Administrative Region of China",MAC,5627923.9902283875,8104540796.482905,200721254.79752767,634279165.1601875,0.6342791651601875,8.104540796482906,5.627923990228387,0.0,22.1667,113.55
140,MP,"Northern Mariana Islands, Commonwealth of the",MNP,611930.924,1318509391.4244316,32342541.35825064,102202430.69207203,0.10220243069207204,1.3185093914244317,0.6119309239999999,0.3157894736842105,15.2,145.75
141,MQ,Martinique,MTQ,811909.7472349978,4178789825.496435,102631195.0115726,324314576.2365694,0.3243145762365694,4.178789825496435,0.8119097472349979,0.0,14.6667,-61.0
142,MR,"Mauritania, Islamic Republic of",MRT,366121.5272359717,763332717.1600301,18272305.380597167,57740485.00268705,0.05774048500268705,0.76333271716003,0.3661215272359717,0.09523809523809523,20.0,-12.0
143,MS,Montserrat,MSR,9788.24699999999,560642.8659167029,104506.14805477177,330239.4278530788,0.00033023942785307883,0.0005606428659167029,0.00978824699999999,0.0,16.75,-62.2
144,MT,"Malta, Republic of",MLT,4396235.878878318,7222874653.219691,155975552.73811737,492882746.6524509,0.4928827466524509,7.222874653219692,4.396235878878318,0.00425531914893617,35.8333,14.5833
145,MU,"Mauritius, Republic of",MUS,2433443.343766525,11115285518.907217,274220787.9447951,866537689.9055524,0.8665376899055525,11.115285518907216,2.4334433437665246,0.031746031746031744,-20.2833,57.55
146,MV,"Maldives, Republic of",MDV,3199425.4790539714,9901792726.530128,233375166.241726,737465525.3238542,0.7374655253238542,9.901792726530127,3.1994254790539713,0.21978021978021978,3.25,73.0
147,MW,"Malawi, Republic of",MWI,346507.61399999965,534920385.898477,13258698.784924189,41897488.16036044,0.04189748816036044,0.534920385898477,0.3465076139999997,0.10526315789473684,-13.5,34.0
148,MX,"Mexico, United Mexican States",MEX,95246318.43281916,162814665541.9567,4059092094.616766,12826731018.988981,12.826731018988982,162.81466554195669,95.24631843281917,0.2162582652664333,23.0,-102.0
149,MY,Malaysia,MYS,60341983.44115985,111290748732.94412,2737721643.438396,8651200393.265331,8.651200393265333,111.29074873294412,60.341983441159854,0.453781512605042,2.5,112.5
150,MZ,"Mozambique, Republic of",MOZ,1364717.3763677627,2057537769.4450467,55737705.66552265,176131149.90305156,0.17613114990305156,2.0575377694450467,1.3647173763677627,0.6363636363636364,-18.25,35.0
151,NA,"Namibia, Republic of",NAM,983906.4044255757,2561302669.0806594,64745704.042533346,204596424.7744054,0.2045964247744054,2.5613026690806593,0.9839064044255758,0.35294117647058826,-22.0,17.0
152,NC,New Caledonia,NCL,740790.9941087575,1309000902.1984572,34589500.00984287,109302820.03110349,0.10930282003110349,1.3090009021984572,0.7407909941087575,0.48,-21.5,165.5
153,NE,"Niger, Republic of",NER,465921.6042019366,1051364321.6283628,25049662.615752388,79156933.86577755,0.07915693386577755,1.0513643216283628,0.4659216042019366,0.0,16.0,8.0
154,NF,Norfolk Island,NFK,41570.801999999996,65545458.73169093,1589501.777095701,5022825.615622416,0.005022825615622416,0.06554545873169093,0.041570802000000004,0.0,-29.0333,167.95
155,NG,"Nigeria, Federal Republic of",NGA,9066417.533429936,15832820211.63653,422672209.25606984,1335644181.2491808,1.3356441812491808,15.83282021163653,9.066417533429934,0.3893805309734513,10.0,8.0
156,NI,"Nicaragua, Republic of",NIC,1053237.8387567832,845399528.8371687,24739678.295842234,78177383.41486147,0.07817738341486147,0.8453995288371687,1.0532378387567831,0.19230769230769232,13.0,-85.0
157,NL,"Netherlands, Kingdom of the",NLD,46030837.90317767,127443879601.81061,3175772421.430888,10035440851.721607,10.035440851721606,127.44387960181061,46.03083790317767,0.04419047619047619,52.5,5.75
158,NO,"Norway, Kingdom of",NOR,39127342.681620896,35937078911.53975,943426479.3723832,2981227674.816731,2.981227674816731,35.93707891153974,39.127342681620895,0.40609137055837563,62.0,10.0
159,NP,"Nepal, State of",NPL,6392081.166172856,7988415149.635064,215171468.36426505,679941840.0310776,0.6799418400310776,7.988415149635064,6.392081166172857,0.6788990825688074,28.0,84.0
160,NR,"Nauru, Republic of",NRU,49378.867999999886,118523206.41320081,2751522.690532934,8694811.702084072,0.008694811702084072,0.1185232064132008,0.04937886799999989,0.0,-0.5333,166.9167
161,NU,Niue,NIU,17431.6589999999,43306166.23415421,988472.084742656,3123571.7877867934,0.0031235717877867936,0.04330616623415421,0.0174316589999999,0.0,-19.0333,-169.8667
162,NZ,New Zealand,NZL,25506018.698882475,58064156702.55347,1530011223.693094,4834835466.870177,4.834835466870177,58.06415670255347,25.506018698882478,0.5766062602965404,-41.0,174.0
163,OM,"Oman, Sultanate of",OMN,11108418.048519148,23577218854.15039,559646274.2083685,1768482226.4984448,1.7684822264984448,23.57721885415039,11.108418048519148,0.05755395683453238,21.0,57.0
164,PA,"Panama, Republic of",PAN,10965432.836975658,27696747669.734455,664296041.6070573,2099175491.4783013,2.0991754914783014,27.696747669734457,10.965432836975658,0.10091743119266056,9.0,-80.0
165,PE,"Peru, Republic of",PER,23395542.23233491,38755868081.29609,1008015103.517098,3185327727.1140294,3.1853277271140295,38.755868081296086,23.39554223233491,0.389937106918239,-10.0,-76.0
166,PF,French Polynesia,PYF,1654787.5340515673,4922142686.448282,133896122.54475458,423111747.2414245,0.42311174724142453,4.922142686448282,1.6547875340515672,0.725925925925926,-15.0,-140.0
167,PG,"Papua New Guinea, Independent State of",PNG,1661645.2991999995,1897305054.9513268,52327998.941013716,165356476.65360335,0.16535647665360334,1.8973050549513268,1.6616452991999995,0.8957055214723927,-6.0,147.0
168,PH,"Philippines, Republic of the",PHL,55871531.17432766,89518037937.28088,2345638689.641546,7412218259.267284,7.412218259267285,89.5180379372809,55.87153117432766,0.6037735849056604,13.0,122.0
169,PK,"Pakistan, Islamic Republic of",PAK,11522391.030185597,26811838789.391983,638512712.109658,2017700170.2665195,2.0177001702665196,26.811838789391985,11.522391030185597,0.2809917355371901,30.0,70.0
170,PL,"Poland, Republic of",POL,28046427.974213857,41119896935.84047,976586303.6934199,3086012719.671207,3.0860127196712073,41.11989693584047,28.046427974213856,0.11646447140381283,52.0,20.0
171,PM,Saint Pierre and Miquelon,SPM,22956.23399999997,20309550.147046395,599256.8498699341,1893651.6455889922,0.001893651645588992,0.020309550147046395,0.02295623399999997,0.0,46.8333,-56.3333
172,PR,"Puerto Rico, Commonwealth of",PRI,6189637.740973809,12538163980.748152,279691356.9492979,883824687.9597814,0.8838246879597814,12.538163980748152,6.189637740973809,0.13186813186813187,18.25,-66.5
173,PT,"Portugal, Portuguese Republic",PRT,36105593.741958365,71359846976.76585,1640128221.1053605,5182805178.69294,5.18280517869294,71.35984697676587,36.10559374195836,0.20167581623808148,39.5,-8.0
174,PW,"Palau, Republic of",PLW,139862.9679999998,325470791.7050928,7617765.635240579,24072139.40736023,0.02407213940736023,0.3254707917050928,0.1398629679999998,0.0,7.5,134.5
175,PY,"Paraguay, Republic of",PRY,865069.2434692138,1993505518.8734314,49079221.22420897,155090339.06850037,0.15509033906850037,1.9935055188734314,0.8650692434692138,0.03076923076923077,-23.0,-58.0
176,QA,"Qatar, State of",QAT,27664000.51667721,126597438683.68903,3104946904.2291636,9811632217.364159,9.811632217364158,126.59743868368903,27.66400051667721,0.009523809523809525,25.5,51.25
177,RE,Reunion,REU,1374105.4063948551,6402860255.543127,169962137.51522377,537080354.5481071,0.5370803545481072,6.4028602555431275,1.3741054063948552,0.0,-21.1,55.6
178,RO,Romania,ROU,13574225.73373334,18611334204.737072,443857851.6986317,1402590811.3676763,1.4025908113676762,18.611334204737073,13.57422573373334,0.2017291066282421,46.0,25.0
179,RS,"Serbia, Republic of",SRB,4448624.991026014,5461738148.873435,131681477.01867798,416113467.3790224,0.41611346737902244,5.461738148873435,4.448624991026014,0.032432432432432434,44.0,21.0
180,RU,Russian Federation,RUS,127053156.84844187,274690296823.3506,6554235498.492581,20711384175.236557,20.711384175236557,274.6902968233506,127.05315684844186,0.45274248528044625,60.0,100.0
181,RW,"Rwanda, Republic of",RWA,1172824.4982374972,3181797853.3828335,76587958.97444938,242017950.35926005,0.24201795035926005,3.1817978533828333,1.1728244982374973,0.05,-2.0,30.0
182,SA,"Saudi Arabia, Kingdom of",SAU,62204949.25189327,111183794541.70192,2807468279.658427,8871599763.720629,8.871599763720628,111.18379454170191,62.20494925189327,0.15650741350906094,25.0,45.0
183,SB,Solomon Islands,SLB,292570.8611999998,258208751.10624757,7544705.267735417,23841268.64604392,0.02384126864604392,0.2582087511062476,0.2925708611999998,0.8292682926829268,-8.0,159.0
184,SC,"Seychelles, Republic of",SYC,918653.9758110336,3083584270.50455,72065614.19501455,227727340.856246,0.227727340856246,3.08358427050455,0.9186539758110337,0.2,-4.5833,55.6667
185,SD,"Sudan, Republic of",SDN,2111569.932199997,3391584337.507838,82975202.33137019,262201639.3671298,0.2622016393671298,3.3915843375078376,2.1115699321999966,0.34782608695652173,15.0,30.0
186,SE,"Sweden, Kingdom of",SWE,30419836.109518215,39724036708.06179,972646454.317782,3073562795.6441913,3.0735627956441913,39.724036708061796,30.419836109518215,0.23525661459993624,62.0,15.0
187,SG,"Singapore, Republic of",SGP,42912147.44883616,155411138525.0819,3888944245.6973476,12289063816.40362,12.289063816403619,155.4111385250819,42.912147448836166,0.00851063829787234,1.3667,103.8
188,SH,Saint Helena,SHN,7643.412,25481998.631742217,577812.2586505762,1825886.7373358211,0.001825886737335821,0.025481998631742213,0.0076434120000000005,0.0,-15.9333,-5.7
189,SI,"Slovenia, Republic of",SVN,1085501.3570057936,1052967281.3649632,29569543.92891173,93439758.81536107,0.09343975881536107,1.052967281364963,1.0855013570057936,0.006779661016949152,46.0,15.0
190,SK,Slovakia (Slovak Republic),SVK,1700996.245761106,2342174833.133918,54056027.976370335,170817048.40533027,0.17081704840533027,2.342174833133918,1.700996245761106,0.028708133971291867,48.6667,19.5
191,SL,"Sierra Leone, Republic of",SLE,223812.98855035732,606213121.5575521,14659744.577950167,46324792.866322525,0.046324792866322524,0.6062131215575521,0.2238129885503573,0.0,8.5,-11.5
192,SN,"Senegal, Republic of",SEN,1723582.0019028573,5001483121.012595,119311705.65449041,377024989.8681897,0.3770249898681897,5.001483121012595,1.7235820019028574,0.020618556701030927,14.0,-14.0
193,SO,"Somalia, Somali Republic",SOM,567917.0986999994,760712740.1359668,19646423.2605246,62082697.50325773,0.06208269750325773,0.7607127401359667,0.5679170986999994,0.45,10.0,49.0
194,SR,"Suriname, Republic of",SUR,328058.67428098264,1482962320.5900042,41208950.336759314,130220283.06415944,0.13022028306415945,1.4829623205900042,0.3280586742809826,0.0,4.0,-56.0
195,SS,South Sudan,SSD,274661.11289999983,339963670.63332844,8911487.991872227,28160302.054316238,0.028160302054316234,0.33996367063332844,0.27466111289999984,0.3076923076923077,8.0,30.0
196,ST,"Sao Tome and Principe, Democratic Republic of",STP,92641.97427639163,217071442.38697112,5237526.047403842,16550582.309796141,0.01655058230979614,0.2170714423869711,0.09264197427639163,0.14285714285714285,1.0,7.0
197,SV,"El Salvador, Republic of",SLV,3080544.0999696637,6240498030.123101,147785211.38568187,467001267.9787547,0.4670012679787547,6.240498030123101,3.080544099969664,0.0,13.8333,-88.9167
198,SX,Sint Maarten (Netherlands),SXM,1045910.1045149572,2088780253.8948855,54573270.157601885,172451533.69802195,0.17245153369802196,2.0887802538948854,1.0459101045149573,0.0,,
199,SY,Syrian Arab Republic,SYR,468524.3350343133,524867457.73144853,13728727.463454464,43382778.78451611,0.04338277878451611,0.5248674577314485,0.4685243350343133,0.2222222222222222,35.0,38.0
200,SZ,"Swaziland, Kingdom of",SWZ,42946.529500000004,15014921.326272454,671590.1980730635,2122225.025910881,0.0021222250259108804,0.015014921326272456,0.042946529500000004,0.0,-26.5,31.5
201,TC,Turks and Caicos Islands,TCA,764379.2143695932,1211805904.4086733,29814467.50671452,94213717.32121788,0.09421371732121787,1.2118059044086733,0.7643792143695932,0.029850746268656716,21.75,-71.5833
202,TD,"Chad, Republic of",TCD,230702.95837421485,555731913.7628478,13105028.705630533,41411890.70979249,0.04141189070979249,0.5557319137628478,0.23070295837421487,0.0,15.0,19.0
203,TG,"Togo, Togolese Republic",TGO,663122.0968814819,1643513851.2714252,39125039.133450925,123635123.66170494,0.12363512366170494,1.6435138512714254,0.6631220968814819,0.0,8.0,1.1667
204,TH,"Thailand, Kingdom of",THA,99762464.25117287,192588802003.30386,4858778044.348291,15353738620.1406,15.3537386201406,192.58880200330384,99.76246425117287,0.19239373601789708,15.0,100.0
205,TJ,"Tajikistan, Republic of",TJK,1349943.5996812116,3491722398.1091413,79304798.78204994,250603164.1512778,0.2506031641512778,3.491722398109141,1.3499435996812117,0.03278688524590164,39.0,71.0
206,TL,"Timor-Leste, Democratic Republic of",TLS,187575.56999999998,203259913.42607605,5411845.910663176,17101433.077695634,0.017101433077695634,0.20325991342607605,0.18757557,0.0,-8.55,125.5167
207,TM,Turkmenistan,TKM,1268181.587118817,2248796161.982423,56064721.03946032,177164518.48469463,0.17716451848469464,2.248796161982423,1.2681815871188171,0.3076923076923077,40.0,60.0
208,TN,"Tunisia, Tunisian Republic",TUN,7169574.0231805695,12395217647.675991,291004898.291898,919575478.6023977,0.9195754786023977,12.39521764767599,7.169574023180569,0.027874564459930314,34.0,9.0
209,TO,"Tonga, Kingdom of",TON,151223.907,286797449.5660049,6824349.6509572575,21564944.897024937,0.02156494489702494,0.2867974495660049,0.151223907,0.0,-20.0,-175.0
210,TR,"Turkey, Republic of",TUR,125011705.47420725,205968808384.94464,4961228651.360381,15677482538.298805,15.677482538298806,205.96880838494462,125.01170547420726,0.2893168906747956,39.0,35.0
211,TT,"Trinidad and Tobago, Republic of",TTO,1478589.3695340347,3408617127.4126906,81246658.50708713,256739440.88239536,0.25673944088239536,3.408617127412691,1.4785893695340349,0.027777777777777776,11.0,-61.0
212,TV,Tuvalu,TUV,12531.0359999999,13665613.470990751,362661.73381334107,1146011.0788501578,0.001146011078850158,0.01366561347099075,0.0125310359999999,0.0,-8.0,178.0
213,TW,Taiwan,TWN,37947506.895837516,86126331541.34349,2154813332.9359326,6809210132.077547,6.809210132077547,86.12633154134349,37.94750689583752,0.24242424242424243,23.5,121.0
214,TZ,"Tanzania, United Republic of",TZA,3644734.189665489,6270262688.851646,159289674.2588493,503355370.6579638,0.5033553706579638,6.270262688851646,3.644734189665489,0.5114155251141552,-6.0,35.0
215,UA,Ukraine,UKR,16424512.64684905,25774733796.563393,605900985.0279171,1914647112.688218,1.9146471126882183,25.774733796563392,16.42451264684905,0.14709851551956815,49.0,32.0
216,UG,"Uganda, Republic of",UGA,1323085.0915952816,2534289445.2098665,63312224.49884955,200066629.4163646,0.2000666294163646,2.5342894452098665,1.3230850915952816,0.13333333333333333,1.0,32.0
217,US,United States of America,USA,1160170578.5793808,2294471667173.51,58938523112.55439,186245733035.67188,186.24573303567186,2294.47166717351,1160.1705785793808,0.8895793834702619,38.0,-97.0
218,UY,"Uruguay, Eastern Republic of",URY,1355760.0078691763,3845184714.4775753,99735177.52056871,315163160.9649972,0.3151631609649972,3.8451847144775755,1.3557600078691765,0.0,-33.0,-56.0
219,UZ,"Uzbekistan, Republic of",UZB,4310960.315672317,9978065727.41547,233581396.3345455,738117212.4171637,0.7381172124171638,9.97806572741547,4.310960315672316,0.16113744075829384,41.0,64.0
220,VC,Saint Vincent and the Grenadines,VCT,164636.53400176964,120031369.38558348,3984032.318152306,12589542.125361288,0.012589542125361288,0.12003136938558348,0.16463653400176964,0.40816326530612246,13.25,-61.2
221,VE,"Venezuela, Bolivarian Republic of",VEN,3019914.807845213,4459641875.648455,124777581.21778071,394297156.64818704,0.39429715664818704,4.459641875648455,3.019914807845213,0.43478260869565216,8.0,-66.0
222,VG,British Virgin Islands,VGB,217158.24449999986,53136380.09901032,2699796.923361533,8531358.277822444,0.008531358277822443,0.05313638009901032,0.21715824449999985,0.06451612903225806,18.5,-64.5
223,VI,United States Virgin Islands,VIR,1120830.293,1493636428.6775746,37773545.60534303,119364404.11288399,0.11936440411288399,1.4936364286775745,1.120830293,0.1,18.3333,-64.8333
224,VN,"Vietnam, Socialist Republic of",VNM,67595192.43976098,92391206548.84695,2405759396.6267357,7602199693.340486,7.602199693340486,92.39120654884695,67.595192439761,0.3518930957683742,16.0,106.0
225,VU,"Vanuatu, Republic of",VUT,528727.7823999996,495577804.7259844,14303315.023794655,45198475.47519111,0.04519847547519111,0.4955778047259844,0.5287277823999995,0.8505747126436781,-16.0,167.0
226,WF,Wallis and Futuna,WLF,34472.38995973643,41247688.591273755,1090514.4332350297,3446025.609022694,0.003446025609022694,0.04124768859127376,0.03447238995973643,0.5,-13.3,-176.2
227,WS,"Samoa, Independent State of",WSM,328057.9393999994,809623849.3999155,18829948.307491563,59502636.65167334,0.05950263665167334,0.8096238493999154,0.32805793939999944,0.13333333333333333,-13.5833,-172.3333
228,XK,Kosovo,XKX,1285509.056114671,1424819951.9822428,34252392.61341724,108237560.65839846,0.10823756065839847,1.4248199519822429,1.285509056114671,0.0,,
229,YE,Yemen,YEM,41424.123,22306630.073862508,787524.0314263502,2488575.939307267,0.0024885759393072668,0.022306630073862507,0.041424123,0.75,15.0,48.0
230,YT,Mayotte,MYT,162938.3674460264,366407248.12084866,8775027.827637032,27729087.935333025,0.027729087935333026,0.3664072481208487,0.16293836744602638,0.0,-12.8333,45.1667
231,ZA,"South Africa, Republic of",ZAF,27706253.184547994,69776141826.46216,1846200861.8143308,5833994723.333285,5.833994723333285,69.77614182646215,27.706253184547997,0.3448275862068966,-29.0,24.0
232,ZM,"Zambia, Republic of",ZMB,993834.9934999978,1492199191.416383,38276785.869878024,120954643.34881456,0.12095464334881456,1.492199191416383,0.9938349934999978,0.2857142857142857,-15.0,30.0
233,ZW,"Zimbabwe, Republic of",ZWE,1158145.8544999973,1561850959.0468283,40710600.6117299,128645497.93306647,0.12864549793306648,1.5618509590468284,1.1581458544999974,0.24,-20.0,30.0
